recruit_name,recruit_year,committed_to,recruit_id,sports_ref_id,roster_name,roster_school,roster_year,pos,recruit_pos,name_score,team_match,year_diff,match_strategy
Ahmad Wagner,2015,Uncommitted,201500301,ahmad-wagner-1,Ahmad Wagner,Kentucky,2018,WR,wr,100,0,3,Final_StandardName
Justin Crawford,2015,Uncommitted,201500751,justin-crawford-1,Justin Crawford,West Virginia,2016,RB,rb,100,0,1,Final_StandardName
Charlie Beall,2015,Uncommitted,201500871,charlie-beall-2,Charlie Beall,Stanford,2015,K,k,100,0,0,Final_StandardName
Austin Brown,2015,Uncommitted,201501088,austin-brown-4,Austin Brown,Washington State,2015,DL,ath,100,0,0,Final_StandardName
Tra Minter,2015,Uncommitted,201501342,tra-minter-1,Tra Minter,South Alabama,2017,RB,rb,100,0,2,Final_StandardName
Noruwa Obanor,2015,Uncommitted,201501373,noruwa-obanor-1,Noruwa Obanor,Navy,2017,CB,cb,100,0,2,Final_StandardName
Kevin Robledo,2015,Uncommitted,201501382,kevin-robledo-1,Kevin Robledo,Florida State,2015,K,k,100,0,0,Final_StandardName
Steven Claude,2015,Uncommitted,201501392,steven-claude-1,Steven Claude,Wake Forest,2015,WR,wr,100,0,0,Final_StandardName
Deondre Douglas,2015,Uncommitted,201501441,deondre-douglas-1,Deondre Douglas,Troy,2015,WR,ath,100,0,0,Final_StandardName
Devonte Williams,2015,Uncommitted,201501595,devante-williams-1,Devante Williams,Troy,2017,RB,rb,93,0,2,Final_StandardName
Dameon Barber,2015,Uncommitted,201501624,dameon-barber-1,Dameon Barber,Nevada,2016,DB,ath,100,0,1,Final_StandardName
Jonny Forrest,2015,Uncommitted,201501705,jonny-forrest-1,Jonny Forrest,Temple,2017,RB,rb,100,0,2,Final_StandardName
Milo Hall,2015,Uncommitted,201501797,milo-hall-1,Milo Hall,Wyoming,2016,RB,rb,100,0,1,Final_StandardName
Deandre Williams,2015,Uncommitted,201501821,deandre-williams-2,Deandre Williams,UTSA,2015,CB,cb,100,0,0,Final_StandardName
John Williams,2015,Uncommitted,201501880,johnny-williams-7,Johnny Williams,New Mexico,2015,DL,dt,92,0,0,Final_StandardName
Terrence Johnson,2015,Uncommitted,201502081,terrance-johnson-1,Terrance Johnson,North Texas,2015,DL,ath,93,0,0,Final_StandardName
Amechie Walker,2015,New Hampshire,201502086,amechie-walker-1,Amechie Walker,Iowa State,2017,WR,wr,100,0,2,Final_StandardName
Ke'Von Hall,2015,Chattanooga,201502165,kemon-hall-1,Kemon Hall,North Texas,2017,DB,ath,90,0,2,Final_StandardName
D.J. Williams,2015,Chattanooga,201502180,dj-williams-6,DJ Williams,Utah State,2018,CB,cb,100,0,3,Final_StandardName
DeVante Williams,2015,Uncommitted,201502245,devante-williams-1,Devante Williams,Troy,2017,RB,rb,100,0,2,Final_StandardName
Raghib Ismail Jr.,2015,Uncommitted,201502260,raghib-ismail-jr-1,Raghib Ismail Jr.,Wyoming,2018,WR,wr,100,0,3,Final_StandardName
Henri Murphy,2015,Uncommitted,201502294,henri-murphy-1,Henri Murphy,Virginia Tech,2016,WR,wr,100,0,1,Final_StandardName
Jonathan Song,2015,Uncommitted,201502592,jonathan-song-1,Jonathan Song,Texas Christian,2015,K,k,100,0,0,Final_StandardName
Timon Nolan,2015,Uncommitted,201502656,timon-nolan-1,Timon Nolan,Houston,2017,WR,ath,100,0,2,Final_StandardName
Nate Heaps,2015,Weber State,201502700,nate-heaps-1,Nate Heaps,BYU,2018,TE,te,100,0,3,Final_StandardName
Nick Mathews,2015,Uncommitted,201502766,nick-matthews-1,Nick Matthews,Marshall,2015,WR,wr,96,0,0,Final_StandardName
Drell Green,2015,Uncommitted,201502791,drell-greene-1,Drell Greene,Western Kentucky,2015,DB,ath,95,0,0,Final_StandardName
Greg Peace,2015,Uncommitted,201502877,greg-peace-1,Greg Peace,Texas State,2017,CB,cb,100,0,2,Final_StandardName
Terin Adams,2015,Uncommitted,201502890,terin-adams-1,Terin Adams,Arizona State,2018,CB,cb,100,0,3,Final_StandardName
Domenique Williams,2015,Uncommitted,201502894,domonique-williams-2,Domonique Williams,Kentucky,2018,CB,cb,94,0,3,Final_StandardName
Fundrail Quimbley,2015,Uncommitted,201502913,fundrail-quimbley-1,Fundrail Quimbley,Middle Tennessee State,2017,WR,wr,100,0,2,Final_StandardName
David Gardner,2015,Uncommitted,201502930,david-gardner-3,David Gardner,South Alabama,2017,WR,wr,100,0,2,Final_StandardName
Josh Clausen,2015,Uncommitted,201502939,joshua-clausen-1,Joshua Clausen,Wyoming,2015,WR,wr,92,0,0,Final_StandardName
Marcus Hyatt,2015,Uncommitted,201502941,marcus-hyatt-1,Marcus Hyatt,Army,2015,CB,cb,100,0,0,Final_StandardName
Moses Marshall,2015,Uncommitted,201502957,moses-marshall-iv-1,Moses Marshall IV,Kansas,2017,TE,te,90,0,2,Final_StandardName
Jabari Butler,2015,Abilene Christian,201502959,jabari-butler-1,Jabari Butler,Penn State,2017,CB,cb,100,0,2,Final_StandardName
Joshua Kelley,2015,UC Davis,201502962,joshua-kelley-1,Joshua Kelley,UCLA,2017,RB,rb,100,0,2,Final_StandardName
Jamarius Way,2015,Bethune-Cookman,201502970,jamarius-way-1,Jamarius Way,South Alabama,2017,WR,wr,100,0,2,Final_StandardName
Koby Tripp,2015,Uncommitted,201502977,koby-tripp-1,Koby Tripp,Oregon State,2015,WR,wr,100,0,0,Final_StandardName
Vaughnte Dorsey,2015,Uncommitted,201502994,vaughnte-dorsey-1,Vaughnte Dorsey,Texas Tech,2017,DB,ath,100,0,2,Final_StandardName
Winston Guillory,2015,Uncommitted,201503051,winston-guillory-1,Winston Guillory,Vanderbilt,2015,WR,wr,100,0,0,Final_StandardName
Troy Shorts,2015,Uncommitted,201503189,troy-shorts-1,Troy Shorts,Penn State,2015,RB,ath,100,0,0,Final_StandardName
Cole Casper,2015,Uncommitted,201503282,cole-casper-1,Cole Casper,Utah State,2015,S,s,100,0,0,Final_StandardName
Jonathan Hodoh,2015,Uncommitted,201503420,jonathan-hodoh-1,Jonathan Hodoh,Louisiana-Monroe,2016,WR,wr,100,0,1,Final_StandardName
Cameron Moore,2015,North Carolina A&T,201503526,cameron-moore-1,Cameron Moore,Georgia,2018,WR,wr,100,0,3,Final_StandardName
Damon Foncham,2015,Uncommitted,201503566,damon-foncham-1,Damon Foncham,Arkansas State,2015,P,p,100,0,0,Final_StandardName
TaDarryl Marshall,2016,Samford,201600713,tadarryl-marshall-1,TaDarryl Marshall,UAB,2018,WR,ath,100,0,2,Final_StandardName
Tray Eafford,2016,Uncommitted,201600856,tray-eafford-1,Tray Eafford,Troy,2017,WR,wr,100,0,1,Final_StandardName
Edward Vander,2016,Uncommitted,201600881,edward-vander-1,Edward Vander,Utah,2018,RB,ath,100,0,2,Final_StandardName
Luca Vartic,2016,Uncommitted,201600895,luca-vartic-1,Luca Vartic,Nevada-Las Vegas,2018,DB,cb,100,0,2,Final_StandardName
Maysoe Wiley,2016,Uncommitted,201601116,maysoe-wiley-1,Maysoe Wiley,Georgia State,2019,WR,wr,100,0,3,Final_StandardName
Anselem Umeh,2016,Uncommitted,201601257,anselem-umeh-1,Anselem Umeh,New Mexico,2017,WR,wr,100,0,1,Final_StandardName
Gil'Scott Jackson,2016,Uncommitted,201601313,gilscott-jackson-1,Gil'Scott Jackson,Arizona State,2017,RB,rb,100,0,1,Final_StandardName
Noah Clayberg,2016,Uncommitted,201601321,noah-clayberg-1,Noah Clayberg,Iowa,2017,DB,ath,100,0,1,Final_StandardName
Darien Cornay,2016,Uncommitted,201601333,darien-cornay-1,Darien Cornay,Arizona State,2017,DB,cb,100,0,1,Final_StandardName
Aaron Kelly,2016,Uncommitted,201601417,aaron-kelly-2,Aaron Kelly,Massachusetts,2019,S,s,100,0,3,Final_StandardName
Jarrin Pierce,2016,Northern Colorado,201601609,jarrin-pierce-1,Jarrin Pierce,Middle Tennessee State,2019,WR,wr,100,0,3,Final_StandardName
Sylvester Mayers,2016,Uncommitted,201601644,sylvester-mayers-1,Sylvester Mayers,Clemson,2018,RB,ath,100,0,2,Final_StandardName
Jabari Ellis,2016,Uncommitted,201601748,jabari-ellis-1,Jabari Ellis,South Carolina,2018,DL,dt,100,0,2,Final_StandardName
Obi Obialo,2016,Uncommitted,201601762,obi-obialo-1,Obi Obialo,Oklahoma State,2016,WR,wr,100,0,0,Final_StandardName
Dreshun Miller,2016,Uncommitted,201601793,dreshun-miller-1,Dreshun Miller,West Virginia,2019,CB,cb,100,0,3,Final_StandardName
Justin Garrett,2016,Uncommitted,201601869,justin-garrett-3,Justin Garrett,UTEP,2018,WR,wr,100,0,2,Final_StandardName
Hal Northern,2016,Uncommitted,201601923,hal-northern-1,Hal Northern,Ole Miss,2018,DT,dt,100,0,2,Final_StandardName
Jay Lenard,2016,Uncommitted,201601942,jay-lenard-1,Jay Lenard,San Jose State,2019,S,s,100,0,3,Final_StandardName
Christian Booker,2016,Nicholls,201602128,christian-booker-1,Christian Booker,Arkansas State,2016,WR,wr,100,0,0,Final_StandardName
Crawford Pierson,2016,Uncommitted,201602279,crawford-pierson-1,Crawford Pierson,UCLA,2017,K,k,100,0,1,Final_StandardName
Cee Jay Powell,2016,Nicholls,201602302,cee-jay-powell-1,Cee Jay Powell,Louisiana Tech,2017,WR,ath,100,0,1,Final_StandardName
JoJo Ward,2016,Uncommitted,201602304,jojo-ward-1,JoJo Ward,Hawaii,2018,WR,wr,100,0,2,Final_StandardName
Blake Kern,2016,Uncommitted,201602339,blake-kern-1,Blake Kern,Arkansas,2017,TE,te,100,0,1,Final_StandardName
Isaiah Floyd,2016,Uncommitted,201602384,isaiah-floyd-1,Isaiah Floyd,Arizona State,2018,RB,rb,100,0,2,Final_StandardName
Joshua Johnson,2016,Uncommitted,201602426,josh-johnson-8,Josh Johnson,Louisiana-Monroe,2018,RB,rb,92,0,2,Final_StandardName
Marquis Zimmerman,2016,Uncommitted,201602442,marquis-zimmerman-1,Marquis Zimmerman,Bowling Green,2016,WR,wr,100,0,0,Final_StandardName
Jordan Beaton,2016,Uncommitted,201602470,jordon-beaton-1,Jordon Beaton,South Alabama,2018,DL,dt,92,0,2,Final_StandardName
Kyeler Burke,2016,Uncommitted,201602505,kyeler-burke-1,Kyeler Burke,Arizona,2017,S,s,100,0,1,Final_StandardName
Clay Alexander,2016,Uncommitted,201602545,clayton-alexander-1,Clayton Alexander,Fresno State,2017,TE,te,90,0,1,Final_StandardName
Jayson Hopper,2016,Uncommitted,201602673,jayson-hopper-1,Jayson Hopper,Clemson,2017,WR,wr,100,0,1,Final_StandardName
Amari Dubose,2016,Uncommitted,201602760,amari-dubose-1,Amari DuBose,Navy,2017,RB,ath,100,0,1,Final_StandardName
Cameron Johnson,2016,Uncommitted,201602840,cameron-johnson-3,Cameron Johnson,Army,2018,WR,wr,100,0,2,Final_StandardName
Ricky Thomas,2016,Uncommitted,201602922,ricky-thomas-4,Ricky Thomas,Kansas,2018,CB,cb,100,0,2,Final_StandardName
Will Eason,2016,Uncommitted,201603048,will-eason-1,Will Eason,North Carolina State,2017,RB,ath,100,0,1,Final_StandardName
Matt Heuerman,2016,Uncommitted,201603053,matt-heuerman-1,Matt Heuerman,Toledo,2018,TE,te,100,0,2,Final_StandardName
Raekwon Webb,2016,Uncommitted,201603054,raekwon-webb-1,Raekwon Webb,Florida State,2019,RB,rb,100,0,3,Final_StandardName
Jason Pirtle,2016,Uncommitted,201603115,jason-pirtle-1,Jason Pirtle,North Texas,2017,WR,wr,100,0,1,Final_StandardName
Anthony Conwell,2016,Uncommitted,201603123,anthony-conwell-1,Anthony Conwell,Troy,2018,WR,wr,100,0,2,Final_StandardName
Warren Saba,2016,Uncommitted,201603126,warren-saba-1,Warren Saba,East Carolina,2018,DB,cb,100,0,2,Final_StandardName
Kareem Adeniyi,2016,East Texas A&M,201603150,kareem-adeniyi-1,Kareem Adeniyi,UTSA,2019,WR,wr,100,0,3,Final_StandardName
Mekhi Sargent,2016,Uncommitted,201603168,mekhi-sargent-1,Mekhi Sargent,Iowa,2018,RB,rb,100,0,2,Final_StandardName
Blake Young,2016,Uncommitted,201603170,blake-young-1,Blake Young,Houston,2017,DL,dt,100,0,1,Final_StandardName
Jordan Jackson,2016,Uncommitted,201603183,jordan-jackson-5,Jordan Jackson,Air Force,2018,DT,dt,100,0,2,Final_StandardName
Quincy Wimbush,2016,Uncommitted,201603196,quincy-wimbish-1,Quincy Wimbish,Arizona,2017,RB,rb,92,0,1,Final_StandardName
Cedric Byrd,2016,Uncommitted,201603197,cedric-byrd-1,Cedric Byrd,Hawaii,2018,WR,wr,100,0,2,Final_StandardName
Slade Carroll,2016,Charleston Southern,201603224,slade-carroll-1,Slade Carroll,South Carolina,2017,RB,rb,100,0,1,Final_StandardName
Jordon McKinney,2016,Uncommitted,201603258,jordon-mckinney-1,Jordon McKinney,Georgia,2017,DB,cb,100,0,1,Final_StandardName
Jonathan Jeffries,2016,Campbell,201603289,jonathan-jeffries-1,Jonathan Jeffries,East Carolina,2018,WR,wr,100,0,2,Final_StandardName
Greg Bell,2016,Uncommitted,201603308,greg-bell-5,Greg Bell,Nebraska,2018,RB,ath,100,0,2,Final_StandardName
Tyson Morris,2016,Uncommitted,201603335,tyson-morris-1,Tyson Morris,Arkansas,2017,WR,wr,100,0,1,Final_StandardName
Riley Krenz,2016,Uncommitted,201603374,riley-krenz-1,Riley Krenz,Washington State,2017,WR,wr,100,0,1,Final_StandardName
Jaylen Morgan,2016,Uncommitted,201603416,jaylen-morgan-1,Jaylen Morgan,Ohio,2017,CB,cb,100,0,1,Final_StandardName
Britton Hogan,2016,Uncommitted,201603511,britton-hogan-1,Britton Hogan,BYU,2019,LS,ls,100,0,3,Final_StandardName
Cody Markel,2016,Uncommitted,201603553,cody-markel-1,Cody Markel,Vanderbilt,2017,TE,te,100,0,1,Final_StandardName
Grant Theil,2016,Uncommitted,201603575,grant-theil-1,Grant Theil,Air Force,2017,DB,cb,100,0,1,Final_StandardName
Caleb Brown,2016,Idaho State,201603581,caleb-brown-1,Caleb Brown,LSU,2017,DB,cb,100,0,1,Final_StandardName
Connor Novak-Goar,2016,Uncommitted,201603831,connor-novak-goar-1,Connor Novak-Goar,Minnesota,2017,DL,dt,100,0,1,Final_StandardName
Chase Cokley,2016,Abilene Christian,201603843,chase-cokley-1,Chase Cokley,Ohio,2019,WR,wr,100,0,3,Final_StandardName
Josh Miller,2016,Uncommitted,201603869,josh-miller-4,Josh Miller,Ball State,2016,DB,ath,100,0,0,Final_StandardName
Bailey Rogers,2016,Furman,201603880,bailey-rogers-1,Bailey Rogers,South Carolina,2018,WR,wr,100,0,2,Final_StandardName
Jaxon Turner,2016,North Dakota,201603905,javon-turner-2,Javon Turner,Massachusetts,2019,WR,ath,91,0,3,Final_StandardName
Justin Warner,2016,Uncommitted,201603907,justin-warner-1,Justin Warner,Texas State,2017,LS,ls,100,0,1,Final_StandardName
True Thompson,2016,Uncommitted,201603960,true-thompson-1,True Thompson,Minnesota,2018,WR,ath,100,0,2,Final_StandardName
William Green,2017,Uncommitted,201700834,william-green-4,William Green,Liberty,2019,DT,dt,100,0,2,Final_StandardName
Cam Haller,2017,Uncommitted,201701313,cam-haller-1,Cam Haller,Baylor,2020,RB,rb,100,0,3,Final_StandardName
John Mitchell,2017,Uncommitted,201701329,john-mitchell-3,John Mitchell,Akron,2019,DL,dt,100,0,2,Final_StandardName
Nate Shelton,2017,Uncommitted,201701340,nate-shelton-1,Nate Shelton,Texas Tech,2017,WR,wr,100,0,0,Final_StandardName
De'Shawn Gulledge,2017,Uncommitted,201701426,deshawn-gulledge-1,De'Shawn Gulledge,Arkansas,2017,WR,wr,100,0,0,Final_StandardName
Dhailon Phillips,2017,Uncommitted,201701593,dhailon-phillips-1,Dhailon Phillips,Tulsa,2019,WR,wr,100,0,2,Final_StandardName
Bill Rubright,2017,Uncommitted,201701915,bill-rubright-1,Bill Rubright,Georgia,2017,P,p,100,0,0,Final_StandardName
Caylin Newton,2017,Howard,201701962,caylin-newton-1,Caylin Newton,Auburn,2020,WR,ath,100,0,3,Final_StandardName
Jeremiah West,2017,Uncommitted,201702041,jeremiah-west-1,Jeremiah West,Louisiana,2017,DB,cb,100,0,0,Final_StandardName
Kentrell Barber,2017,Uncommitted,201702115,kentrell-barber-1,Kentrell Barber,Missouri,2017,WR,ath,100,0,0,Final_StandardName
Kaylon Geiger,2017,Uncommitted,201702124,kaylon-geiger-1,Kaylon Geiger,Troy,2019,WR,wr,100,0,2,Final_StandardName
Jordan Crawford,2017,Uncommitted,201702232,jordan-crawford-1,Jordan Crawford,Eastern Michigan,2020,DL,dt,100,0,3,Final_StandardName
Joeseph Sewell,2017,Uncommitted,201702294,joeseph-sewell-1,Joeseph Sewell,Middle Tennessee State,2018,TE,te,100,0,1,Final_StandardName
Dezmon Jackson,2017,Uncommitted,201702378,dezmon-jackson-1,Dezmon Jackson,Oklahoma State,2019,RB,rb,100,0,2,Final_StandardName
Dalton Counts,2017,Uncommitted,201702395,dalton-counts-1,Dalton Counts,North Carolina State,2017,S,s,100,0,0,Final_StandardName
Ton Evans,2017,Uncommitted,201702459,ton-evans-1,Ton Evans,Army,2018,RB,rb,100,0,1,Final_StandardName
Hurshie Williams,2017,Uncommitted,201702474,hurshie-williams-1,Hurshie Williams,North Texas,2017,CB,cb,100,0,0,Final_StandardName
Dontario Drummond,2017,Uncommitted,201702477,dontario-drummond-1,Dontario Drummond,Ole Miss,2019,WR,wr,100,0,2,Final_StandardName
Jonny Neville,2017,Uncommitted,201702482,jonny-neville-1,Jonny Neville,Washington State,2017,WR,wr,100,0,0,Final_StandardName
Kendall Catalon,2017,Southern,201702532,kendall-catalon-1,Kendall Catalon,Arkansas,2019,WR,ath,100,0,2,Final_StandardName
Jordan Roberts,2017,Uncommitted,201702540,jordan-roberts-2,Jordan Roberts,North Texas,2017,DB,cb,100,0,0,Final_StandardName
Andre Landry,2017,Uncommitted,201702690,andre-landry-1,Andre Landry,Louisiana,2017,TE,te,100,0,0,Final_StandardName
Letayveon Beaton,2017,Uncommitted,201702756,letayveon-beaton-1,Letayveon Beaton,New Mexico,2019,S,s,100,0,2,Final_StandardName
Erik Spurlin-Renfroe,2017,Uncommitted,201702826,erik-spurlin-renfroe-1,Erik Spurlin-Renfroe,Wyoming,2017,WR,wr,100,0,0,Final_StandardName
Keric Wheatfall,2017,Uncommitted,201702857,keric-wheatfall-1,Keric Wheatfall,Fresno State,2019,WR,wr,100,0,2,Final_StandardName
Christian Smith,2017,Uncommitted,201702930,christian-smith-2,Christian Smith,Virginia,2018,DL,dt,100,0,1,Final_StandardName
Kyle McCombs,2017,Uncommitted,201703034,kyle-mccombs-1,Kyle McCombs,Stanford,2017,TE,te,100,0,0,Final_StandardName
Nakoa Pauole,2017,Uncommitted,201703096,nokoa-pauole-1,Nokoa Pauole,Air Force,2018,DL,dt,91,0,1,Final_StandardName
Parker Rickert,2017,Uncommitted,201703128,parker-rickert-1,Parker Rickert,Iowa State,2017,WR,wr,100,0,0,Final_StandardName
Kolo Uasike,2017,Uncommitted,201703224,kolo-uasike-1,Kolo Uasike,Nevada-Las Vegas,2017,DL,dt,100,0,0,Final_StandardName
Michael Ballentine,2017,Uncommitted,201703301,michael-ballentine-1,Michael Ballentine,Ohio,2017,S,s,100,0,0,Final_StandardName
Miles McCord,2017,Uncommitted,201703302,miles-mccord-1,Miles McCord,Rice,2019,CB,cb,100,0,2,Final_StandardName
Andrew Noble,2017,Uncommitted,201703323,andrew-noble-1,Andrew Noble,Arizona State,2017,WR,wr,100,0,0,Final_StandardName
Christian Ballard,2017,Uncommitted,201703345,christian-mallard-1,Christian Mallard,Air Force,2017,RB,rb,94,0,0,Final_StandardName
LaMarque Davis,2017,Uncommitted,201703356,lamarque-davis-1,LaMarque Davis,Southern Mississippi,2017,DB,cb,100,0,0,Final_StandardName
Bobby Cole,2017,Uncommitted,201703359,bobby-cole-3,Bobby Cole,New Mexico,2017,RB,rb,100,0,0,Final_StandardName
Noah Pittenger,2017,Uncommitted,201703399,noah-pittenger-1,Noah Pittenger,Arizona,2017,RB,rb,100,0,0,Final_StandardName
Dakota Poe,2017,Uncommitted,201703415,dakota-poe-1,Dakota Poe,Arizona,2017,RB,ath,100,0,0,Final_StandardName
Jaylen Warren,2017,Uncommitted,201703447,jaylen-warren-1,Jaylen Warren,Utah State,2019,RB,rb,100,0,2,Final_StandardName
Justin Cain,2017,Uncommitted,201703473,justin-cain-1,Justin Cain,North Texas,2017,WR,wr,100,0,0,Final_StandardName
Spencer Curtis,2017,Weber State,201703504,spencer-curtis-1,Spencer Curtis,Oregon,2020,WR,wr,100,0,3,Final_StandardName
Brenden Knox,2017,Uncommitted,201703571,brenden-knox-1,Brenden Knox,Marshall,2017,RB,rb,100,0,0,Final_StandardName
Jonathan Hagee,2017,Uncommitted,201703582,jonathan-hagee-1,Jonathan Hagee,Ball State,2017,K,k,100,0,0,Final_StandardName
Cam Burnette,2017,Furman,201703584,cam-burnette-1,Cam Burnette,East Carolina,2019,WR,wr,100,0,2,Final_StandardName
Michael Parrott,2017,Uncommitted,201703612,michael-parrott-1,Michael Parrott,Miami (FL),2017,FB,fb,100,0,0,Final_StandardName
C.J. Jarmon,2017,Uncommitted,201703613,cj-jarmon-1,C.J. Jarmon,Arizona State,2018,WR,wr,100,0,1,Final_StandardName
Miles Manigault,2017,East Tennessee State,201703618,miles-manigualt-1,Miles Manigault,Cincinnati,2020,DL,dt,100,0,3,Final_StandardName
Curtis Chiaverini,2017,Uncommitted,201703676,curtis-chiaverini-1,Curtis Chiaverini,Colorado,2017,WR,wr,100,0,0,Final_StandardName
Khamal Ellison,2017,Uncommitted,201703690,khamal-ellison-1,Khamal Ellison,Florida Atlantic,2017,DB,cb,100,0,0,Final_StandardName
Peyton Jones,2017,Illinois State,201703740,peyton-jones-2,Peyton Jones,Temple,2017,DB,cb,100,0,0,Final_StandardName
Armani Marsh,2017,Uncommitted,201703777,armani-marsh-1,Armani Marsh,Washington State,2017,DB,cb,100,0,0,Final_StandardName
Mike Garrett Jr.,2017,Uncommitted,201703911,mike-garrett-jr-1,Mike Garrett Jr.,Tulsa,2019,DB,cb,100,0,2,Final_StandardName
Shamon Willis,2017,Weber State,201703999,shamon-willis-1,Shamon Willis,BYU,2019,DB,cb,100,0,2,Final_StandardName
Lofton Tidwell,2017,Uncommitted,201704068,lofton-tidwell-1,Lofton Tidwell,Georgia,2017,RB,rb,100,0,0,Final_StandardName
Kade Warner,2017,Uncommitted,201704118,kade-warner-1,Kade Warner,Nebraska,2017,WR,wr,100,0,0,Final_StandardName
Jared Reed,2017,Portland State,201704144,jared-reed-1,Jared Reed,Utah State,2019,CB,cb,100,0,2,Final_StandardName
Austin Perry,2017,Uncommitted,201704200,austin-perry-1,Austin Perry,Florida,2017,DB,cb,100,0,0,Final_StandardName
Victor McClinton,2017,UT Martin,201704239,victor-mcclinton-1,Victor McClinton,South Alabama,2019,WR,ath,100,0,2,Final_StandardName
Cal Adomitis,2017,Uncommitted,201704247,cal-adomitis-1,Cal Adomitis,Pitt,2017,LS,ls,100,0,0,Final_StandardName
Gayflor Flomo,2017,Uncommitted,201704248,gayflor-flomo-1,Gayflor Flomo,Kansas,2020,RB,rb,100,0,3,Final_StandardName
Mike Delich,2017,Uncommitted,201704254,mike-delich-1,Mike Delich,Minnesota,2017,RB,ath,100,0,0,Final_StandardName
CJ Parks,2018,Uncommitted,201800729,cj-parks-1,C.J. Parks,Eastern Michigan,2020,WR,wr,100,0,2,Final_StandardName
Alton Julian,2018,Uncommitted,201801351,alton-julian-1,Alton Julian,Oregon State,2020,DB,cb,100,0,2,Final_StandardName
Natrone Brooks,2018,Uncommitted,201801549,natrone-brooks-1,Natrone Brooks,Southern Mississippi,2020,DB,cb,100,0,2,Final_StandardName
Dalrone Donaldson,2018,Uncommitted,201801730,dalrone-donaldson-1,Dalrone Donaldson,Cincinnati,2020,WR,wr,100,0,2,Final_StandardName
Trea Shropshire,2018,Uncommitted,201801766,trea-shropshire-1,Trea Shropshire,UAB,2020,WR,wr,100,0,2,Final_StandardName
Shawn Thomas,2018,Uncommitted,201801992,shaun-thomas-1,Shaun Thomas,Cincinnati,2021,RB,ath,91,0,3,Final_StandardName
Perrion Winfrey,2018,Uncommitted,201802034,perrion-winfrey-1,Perrion Winfrey,Oklahoma,2020,DL,dt,100,0,2,Final_StandardName
Jacob Kainer,2018,Uncommitted,201802102,jacob-kainer-1,Jacob Kainer,Tulsa,2020,TE,te,100,0,2,Final_StandardName
Tyrese Jackson,2018,Uncommitted,201802187,tyree-jackson-3,Tyree Jackson,Nevada-Las Vegas,2019,RB,ath,96,0,1,Final_StandardName
Golden Eke III,2018,Uncommitted,201802255,golden-eke-iii-1,Golden Eke III,Louisiana,2020,WR,wr,100,0,2,Final_StandardName
Mekhi Metcalf,2018,Montana State,201802275,mekhi-metcalf-1,Mekhi Metcalf,Arizona State,2020,WR,wr,100,0,2,Final_StandardName
Broc Thompson,2018,Western Illinois,201802287,broc-thompson-1,Broc Thompson,Marshall,2019,WR,wr,100,0,1,Final_StandardName
Levar Gumms,2018,Northwestern State,201802391,levar-gumms-1,Levar Gumms,Central Michigan,2021,WR,wr,100,0,3,Final_StandardName
Jerreth Sterns,2018,Houston Christian,201802395,jerreth-sterns-1,Jerreth Sterns,Western Kentucky,2021,WR,ath,100,0,3,Final_StandardName
Henry Teeter,2018,Holy Cross,201802463,henry-teeter-1,Henry Teeter,Texas Tech,2020,TE,te,100,0,2,Final_StandardName
DJ Travis,2018,Uncommitted,201802746,dj-travis-1,D.J. Travis,Louisiana-Monroe,2020,CB,cb,100,0,2,Final_StandardName
Jimmy Banjoko,2018,Uncommitted,201802764,jimmy-banjoko-1,Jimmy Banjoko,Arizona,2018,S,s,100,0,0,Final_StandardName
Romeo Holden,2018,Monmouth,201802780,romeo-holden-1,Romeo Holden,Massachusetts,2021,RB,rb,100,0,3,Final_StandardName
Tyrese Chambers,2018,Uncommitted,201802815,tyrese-chambers-1,Tyrese Chambers,Florida International,2021,WR,wr,100,0,3,Final_StandardName
Isaiah Wooden,2018,Utah Tech,201802825,isaiah-wooden-1,Isaiah Wooden,Kent State,2019,WR,wr,100,0,1,Final_StandardName
Nathaniel Dell,2018,Uncommitted,201802890,nathaniel-dell-1,Nathaniel Dell,Houston,2020,WR,wr,100,0,2,Final_StandardName
Darius Shipp,2018,Austin Peay,201802942,darius-shipp-1,Darius Shipp,Western Kentucky,2020,DT,dt,100,0,2,Final_StandardName
Naim Muhammad,2018,Uncommitted,201802989,naim-muhammad-1,Naim Muhammad,West Virginia,2019,CB,cb,100,0,1,Final_StandardName
Logan Taylor,2018,Uncommitted,201803065,logan-taylor-1,Logan Taylor,Hawaii,2020,DB,cb,100,0,2,Final_StandardName
Jaylyn Thomas,2018,Uncommitted,201803125,jaylen-thomas-1,Jaylen Thomas,Colorado State,2019,RB,ath,92,0,1,Final_StandardName
Davin Dyal,2018,UT Martin,201803126,davin-dyal-1,Davin Dyal,Memphis,2021,TE,te,100,0,3,Final_StandardName
Brandon Lee,2018,Uncommitted,201803140,brandon-lee-2,Brandon Lee,Akron,2019,WR,wr,100,0,1,Final_StandardName
Darius Richard,2018,Uncommitted,201803237,darius-richardson-1,Darius Richardson,Army,2020,DL,dt,90,0,2,Final_StandardName
Peter Brown,2018,Uncommitted,201803476,peter-brown-3,Peter Brown,Navy,2018,WR,wr,100,0,0,Final_StandardName
Josh Walker,2018,Uncommitted,201803478,joseph-walker-1,Joseph Walker,Louisiana Tech,2019,WR,wr,91,0,1,Final_StandardName
Ebissa Sambo,2018,Uncommitted,201803504,ebissa-sambo-1,Ebissa Sambo,Navy,2019,CB,cb,100,0,1,Final_StandardName
Jaden Williams,2018,Uncommitted,201803516,jalen-williams-7,Jalen Williams,Louisiana,2018,WR,wr,92,0,0,Final_StandardName
John Blunt Jr.,2018,McNeese,201803530,john-blunt-jr-1,John Blunt Jr.,Western Kentucky,2020,DB,cb,100,0,2,Final_StandardName
Kyle Wakefield,2018,Uncommitted,201803565,kyle-wakefield-1,Kyle Wakefield,UTSA,2020,TE,te,100,0,2,Final_StandardName
Jarel Miller,2018,Uncommitted,201803697,jarel-miller-1,Jarel Miller,Florida Atlantic,2018,WR,wr,100,0,0,Final_StandardName
Brycen Tremayne,2018,Uncommitted,201803705,brycen-tremayne-1,Brycen Tremayne,Stanford,2018,WR,wr,100,0,0,Final_StandardName
Koby Duru,2018,Montana State,201803716,koby-duru-1,Koby Duru,San Diego State,2019,WR,wr,100,0,1,Final_StandardName
Jac Casasante,2018,Uncommitted,201803724,jac-casasante-1,Jac Casasante,USC,2018,LS,ls,100,0,0,Final_StandardName
Kalamaku Kuewa,2018,Uncommitted,201803728,kalamaku-kuewa-1,Kalamaku Kuewa,Hawaii,2018,DB,ath,100,0,0,Final_StandardName
Ja'Corey Jones,2018,Uncommitted,201803734,jacorey-jones-1,Jacorey Jones,Arizona,2018,CB,cb,100,0,0,Final_StandardName
Samuel Obiang,2018,Uncommitted,201803756,samuel-obiang-1,Samuel Obiang,Texas State,2020,DL,dt,100,0,2,Final_StandardName
Sam Westfall,2018,Uncommitted,201803762,sam-westfall-1,Sam Westfall,SMU,2019,CB,cb,100,0,1,Final_StandardName
Cameron Jones,2018,Uncommitted,201803802,cameron-jones-6,Cameron Jones,Army,2020,DB,cb,100,0,2,Final_StandardName
Jonah Tavai,2018,Uncommitted,201803805,jonah-tavai-1,Jonah Tavai,San Diego State,2019,DL,dt,100,0,1,Final_StandardName
Jason Lloyd,2018,Uncommitted,201803841,jason-lloyd-1,Jason Lloyd,Texas Tech,2020,TE,te,100,0,2,Final_StandardName
John Branham Jr,2019,Uncommitted,201900985,john-branham-jr-1,John Branham Jr.,Eastern Michigan,2019,RB,rb,100,0,0,Final_StandardName
Brian Dillard,2019,West Georgia,201901031,brian-dillard-1,Brian Dillard,Florida International,2019,DB,cb,100,0,0,Final_StandardName
Omar Brown,2019,Northern Iowa,201901452,omar-brown-3,Omar Brown,Nebraska,2022,DB,cb,100,0,3,Final_StandardName
Brandon Sanders,2019,Uncommitted,201901543,brandon-sanders-5,Brandon Sanders,Rutgers,2021,WR,wr,100,0,2,Final_StandardName
Tyler Hudson,2019,Central Arkansas,201901551,tyler-hudson-1,Tyler Hudson,Louisville,2022,WR,wr,100,0,3,Final_StandardName
Isaiah Coe,2019,Uncommitted,201901557,isaiah-coe-1,Isaiah Coe,Oklahoma,2021,DL,dt,100,0,2,Final_StandardName
Deshon Stoudemire,2019,Uncommitted,201901609,deshon-stoudemire-1,Deshon Stoudemire,Troy,2021,WR,wr,100,0,2,Final_StandardName
Jordan Ford,2019,Uncommitted,201901631,jordan-ford-2,Jordan Ford,Tulsa,2021,RB,rb,100,0,2,Final_StandardName
Austin White,2019,Uncommitted,201902044,austin-white-1,Austin White,Florida State,2019,TE,te,100,0,0,Final_StandardName
Elijah Downing,2019,Murray State,201902127,elijah-downing-1,Elijah Downing,Louisville,2021,WR,wr,100,0,2,Final_StandardName
Quentin Moore,2019,Uncommitted,201902322,quentin-moore-1,Quentin Moore,Washington,2021,TE,te,100,0,2,Final_StandardName
Dante Wynn,2019,Uncommitted,201902490,dante-wynn-1,Dante Wynn,Houston,2021,CB,cb,100,0,2,Final_StandardName
Jimmy Ciarlo,2019,Uncommitted,201902519,jimmy-ciarlo-1,Jimmy Ciarlo,Army,2020,S,s,100,0,1,Final_StandardName
Hayden Hagler,2019,Southeastern Louisiana,201902538,hayden-hagler-1,Hayden Hagler,Marshall,2020,TE,te,100,0,1,Final_StandardName
AJ Toney,2019,Samford,201902580,aj-toney-1,A.J. Toney,Middle Tennessee State,2022,WR,wr,100,0,3,Final_StandardName
Koby Gross,2019,Uncommitted,201902600,koby-gross-1,Koby Gross,Florida State,2021,TE,te,100,0,2,Final_StandardName
Ty James,2019,Uncommitted,201902642,ty-james-1,Ty James,Georgia,2019,WR,wr,100,0,0,Final_StandardName
Ryan Hanson,2019,Uncommitted,201902650,ryan-hanson-1,Ryan Hanson,Arkansas State,2020,P,p,100,0,1,Final_StandardName
Cade Cadam,2019,Uncommitted,201902658,cade-cadam-1,Cade Cadam,Arizona State,2020,WR,wr,100,0,1,Final_StandardName
Dylan White,2019,Pittsburg State,201902668,dylan-white-1,Dylan White,Kansas State,2021,WR,wr,100,0,2,Final_StandardName
Darius Richardson,2019,Uncommitted,201902681,darius-richardson-1,Darius Richardson,Army,2020,DL,dt,100,0,1,Final_StandardName
Tra Fluellen,2019,Houston Christian,201902787,tra-fluellen-1,Tra Fluellen,Middle Tennessee State,2021,S,s,100,0,2,Final_StandardName
Devonte Jones,2019,Furman,201902860,devon-jones-4,Devon Jones,Tennessee,2020,DL,dt,91,0,1,Final_StandardName
Billy Riviere,2019,North Dakota,201902924,billy-riviere-1,Billy Riviere,Washington State,2022,TE,te,100,0,3,Final_StandardName
Michael Vice,2019,Samford,201902926,michael-vice-1,Michael Vice,Troy,2022,TE,te,100,0,3,Final_StandardName
Tank Smith,2019,Uncommitted,201903111,tank-smith-1,Tank Smith,Penn State,2020,RB,rb,100,0,1,Final_StandardName
Anthony Summey,2019,Uncommitted,201903221,anthony-summey-1,Anthony Summey,Georgia,2019,RB,rb,100,0,0,Final_StandardName
Latrele Palmer,2019,Uncommitted,201903226,latrele-palmer-1,Latrele Palmer,James Madison,2022,RB,rb,100,0,3,Final_StandardName
Keelan Marion,2019,Uncommitted,201903395,keelan-marion-1,Keelan Marion,Connecticut,2020,WR,wr,100,0,1,Final_StandardName
Cartez Campbell,2019,Uncommitted,201903488,carter-campbell-1,Carter Campbell,SMU,2020,WR,wr,93,0,1,Final_StandardName
Martin Laham,2019,Uncommitted,201903611,martin-laham-1,Martin Laham,Massachusetts,2021,WR,ath,100,0,2,Final_StandardName
Keyon Martin,2019,Uncommitted,201903618,keyon-martin-1,Keyon Martin,Louisiana,2022,CB,cb,100,0,3,Final_StandardName
Jordan White,2019,Eastern Washington,201903698,jordan-white-6,Jordan White,Northern Illinois,2022,DB,cb,100,0,3,Final_StandardName
Jordan Wright,2019,Uncommitted,201903730,jordan-wright-4,Jordan Wright,Kansas State,2022,CB,cb,100,0,3,Final_StandardName
Ryan Stapp,2019,Abilene Christian,201903737,ryan-stapp-1,Ryan Stapp,Minnesota,2022,DB,cb,100,0,3,Final_StandardName
Melique Straker,2019,Uncommitted,201903765,melique-straker-1,Melique Straker,Arkansas State,2021,CB,cb,100,0,2,Final_StandardName
Jackson Lantz,2019,Uncommitted,201903909,jackson-lantz-1,Jackson Lantz,Ball State,2019,WR,wr,100,0,0,Final_StandardName
Juan Lua,2019,Uncommitted,201903943,juan-lua-1,Juan Lua,Massachusetts,2022,DB,cb,100,0,3,Final_StandardName
Davion Ross,2019,Eastern Kentucky,201903991,davion-ross-1,Davion Ross,Memphis,2022,DB,ath,100,0,3,Final_StandardName
Mitch Anderson,2019,Uncommitted,201904008,mitchell-anderson-2,Mitchell Anderson,Wyoming,2022,WR,wr,90,0,3,Final_StandardName
Eric Mizell,2019,Wofford,201904048,eric-mizell-1,Eric Mizell,UAB,2020,DL,dt,100,0,1,Final_StandardName
Tony Davis,2019,Uncommitted,201904070,tyon-davis-1,Tyon Davis,Tulsa,2019,CB,cb,90,0,0,Final_StandardName
Jeffrey M'ba,2020,Uncommitted,202000501,jeffrey-mba-1,Jeffrey M'ba,Auburn,2022,DL,dt,100,0,2,Final_StandardName
Zion Jackson,2020,Rhode Island,202001247,zion-jackson-1,Zion Jackson,Army,2022,WR,wr,100,0,2,Final_StandardName
Tyler Nelome,2020,Southeast Missouri State,202001333,tyler-nelome-1,Tyler Nelome,Kansas State,2023,CB,cb,100,0,3,Final_StandardName
Jayden Dixon-Veal,2020,Sacramento State,202001524,jayden-dixon-veal-1,Jayden Dixon-Veal,Purdue,2023,WR,wr,100,0,3,Final_StandardName
Thai Chiaokhiao-Bowman,2020,Uncommitted,202001861,thai-chiaokhiao-bowman-1,Thai Chiaokhiao-Bowman,Florida,2022,WR,wr,100,0,2,Final_StandardName
Jonathan Wallace,2020,Uncommitted,202001995,jonathan-wallace-4,Jonathan Wallace,Charlotte,2023,DL,dt,100,0,3,Final_StandardName
Delonus Kabir,2020,Uncommitted,202002008,delonus-kabir-1,Delonus Kabir,Bowling Green,2022,OG,og,100,0,2,Final_StandardName
Anthony Johnson Jr.,2020,West Florida,202002018,anthony-johnson-jr-1,Anthony Johnson Jr.,Western Kentucky,2023,DB,cb,100,0,3,Final_StandardName
Isaiah Hackett,2020,Uncommitted,202002170,isaiah-hackett-1,Isaiah Hackett,Nevada-Las Vegas,2023,DB,cb,100,0,3,Final_StandardName
Jeremy Moore,2020,Uncommitted,202002300,jeremy-moore-3,Jeremy Moore,Florida International,2021,DL,dt,100,0,1,Final_StandardName
Jaylon Shelton,2020,Uncommitted,202002433,jaylon-shelton-1,Jaylon Shelton,West Virginia,2022,DB,ath,100,0,2,Final_StandardName
Tren Jones,2020,Uncommitted,202002474,trevon-jones-1,Tre'Von Jones,Minnesota,2023,DB,cb,90,0,3,Final_StandardName
Brandon Higgs,2020,Uncommitted,202002484,brandon-higgs-1,Brandon Higgs,East Carolina,2022,S,s,100,0,2,Final_StandardName
Courtney Eubanks,2020,North Dakota State,202002498,courtney-eubanks-1,Courtney Eubanks,Coastal Carolina,2023,CB,cb,100,0,3,Final_StandardName
Minaya Olivo,2020,Uncommitted,202002572,minaya-olivo-1,Minaya Olivo,UCLA,2023,RB,rb,100,0,3,Final_StandardName
Khamran Laborn,2020,Uncommitted,202002660,khamran-laborn-1,Khamran Laborn,Buffalo,2021,WR,ath,100,0,1,Final_StandardName
Malachi Burns,2020,Missouri Western State,202002668,malachi-burns-1,Malachi Burns,Middle Tennessee State,2022,WR,wr,100,0,2,Final_StandardName
Devontez Walker,2020,North Carolina Central,202002700,devontez-walker-1,Devontez Walker,Kent State,2021,WR,wr,100,0,1,Final_StandardName
Quentin Moten,2020,Uncommitted,202002859,quentin-moten-1,Quentin Moten,Nevada-Las Vegas,2023,DB,cb,100,0,3,Final_StandardName
Israel Benjamin,2020,Harvard,202002872,israel-benjamin-1,Israel Benjamin,Texas A&M,2023,RB,rb,100,0,3,Final_StandardName
Sy'veon Wilkerson,2020,Delaware State,202002892,syveon-wilkerson-1,Sy'veon Wilkerson,Colorado,2023,RB,rb,100,0,3,Final_StandardName
D'Andre Greeley,2020,Uncommitted,202002904,dandre-greeley-1,D'Andre Greeley,Colorado State,2022,DB,cb,100,0,2,Final_StandardName
Aiden Calvert,2020,Uncommitted,202002959,aiden-calvert-1,Aiden Calvert,Air Force,2022,RB,rb,100,0,2,Final_StandardName
Torrance Farmer Jr.,2020,Uncommitted,202003020,torrance-farmer-1,Torrance Farmer,Arkansas State,2022,RB,rb,90,0,2,Final_StandardName
Jaden Williams,2020,Uncommitted,202003097,jalen-williams-10,Jalen Williams,Fresno State,2021,DB,cb,92,0,1,Final_StandardName
Blake Glessner,2020,Montana State,202003140,blake-glessner-1,Blake Glessner,UCLA,2023,K,k,100,0,3,Final_StandardName
Ridge Texada,2020,McNeese,202003147,ridge-texada-1,Ridge Texada,North Texas,2021,DB,cb,100,0,1,Final_StandardName
Cade Brock,2020,Uncommitted,202003168,cade-brock-1,Cade Brock,Georgia,2020,DL,dt,100,0,0,Final_StandardName
Nate Valcarcel,2020,South Dakota,202003182,nate-valcarcel-1,Nate Valcarcel,Northern Illinois,2022,DB,ath,100,0,2,Final_StandardName
Rayshawn Jackson,2020,Uncommitted,202003196,rashawn-jackson-2,Rashawn Jackson,Nevada-Las Vegas,2023,WR,wr,96,0,3,Final_StandardName
Elijah Thomas,2020,Uncommitted,202003213,elijah-thomas-1,Elijah Thomas,New Mexico State,2023,S,s,100,0,3,Final_StandardName
AJ Williams,2020,Uncommitted,202003368,aj-williams-3,AJ Williams,Army,2021,RB,ath,100,0,1,Final_StandardName
Miles Scott,2020,Uncommitted,202003455,miles-scott-1,Miles Scott,Illinois,2021,WR,wr,100,0,1,Final_StandardName
Mason White,2020,Uncommitted,202003467,mason-white-2,Mason White,Texas Christian,2023,CB,cb,100,0,3,Final_StandardName
Jaylon Tillman,2020,Grand Valley State,202003472,jaylon-tillman-1,Jaylon Tillman,Bowling Green,2023,WR,wr,100,0,3,Final_StandardName
Donnovan Moorer,2020,Uncommitted,202003601,donovan-moorer-1,Donovan Moorer,Texas State,2021,WR,wr,96,0,1,Final_StandardName
Jacob Greenwood,2020,Uncommitted,202003618,jacob-greenwood-2,Jacob Greenwood,Navy,2022,DT,dt,100,0,2,Final_StandardName
Dominic Morris,2020,Furman,202003634,dominic-morris-1,Dominic Morris,Colorado State,2023,CB,cb,100,0,3,Final_StandardName
Quali Conley,2020,Utah Tech,202003675,quali-conley-1,Quali Conley,San Jose State,2023,RB,rb,100,0,3,Final_StandardName
Landry Kinne,2020,Uncommitted,202003719,landry-kinne-1,Landry Kinne,Baylor,2022,WR,ath,100,0,2,Final_StandardName
Tarik Williams,2020,Uncommitted,202003727,tarik-williams-1,Tarik Williams,Western Michigan,2020,WR,ath,100,0,0,Final_StandardName
Cole Mitchell,2020,Uncommitted,202003809,cole-mitchell-1,Cole Mitchell,Pitt,2021,TE,te,100,0,1,Final_StandardName
Tyler Bowen,2020,Uncommitted,202003823,tyler-brown-7,Tyler Brown,Clemson,2023,WR,wr,90,0,3,Final_StandardName
Blackmon Huckabee,2020,Furman,202003837,blackmon-huckabee-jr-1,Blackmon Huckabee Jr.,Clemson,2021,WR,wr,91,0,1,Final_StandardName
Zach Westmoreland,2020,Uncommitted,202003875,zach-westmoreland-1,Zach Westmoreland,Eastern Michigan,2021,WR,wr,100,0,1,Final_StandardName
Sam Robertson,2020,North Dakota,202003919,sam-robertson-2,Sam Robertson,Northern Illinois,2022,DB,cb,100,0,2,Final_StandardName
Dominic Gonnella,2020,North Dakota State,202003930,dominic-gonnella-1,Dominic Gonnella,South Florida,2023,RB,rb,100,0,3,Final_StandardName
Quay Davis,2021,Jackson State,202100144,qua-davis-1,Qua Davis,Ole Miss,2021,WR,wr,94,0,0,Final_StandardName
KaTron Evans,2021,Jackson State,202100200,katron-evans-1,Katron Evans,Charlotte,2023,DL,dl,100,0,2,Final_StandardName
Shedeur Sanders,2021,Jackson State,202100247,shedeur-sanders-1,Shedeur Sanders,Colorado,2023,QB,qb,100,0,2,Final_StandardName
Jayden Williams,2021,Northern Iowa,202100858,jayden-williams-4,Jayden Williams,Wyoming,2023,DL,ath,100,0,2,Final_StandardName
Bryce Phillips,2021,Uncommitted,202100987,bryce-phillips-1,Bryce Phillips,San Diego State,2024,CB,cb,100,0,3,Final_StandardName
Dylan Flowers,2021,Southern Utah,202101000,dylan-flowers-1,Dylan Flowers,BYU,2023,CB,cb,100,0,2,Final_StandardName
Tonga Lolohea,2021,Lamar,202101338,tonga-lolohea-1,Tonga Lolohea,Baylor,2024,DL,dl,100,0,3,Final_StandardName
Keenan Landry,2021,Uncommitted,202101389,keenan-landry-1,Keenan Landry,Florida,2022,DL,dl,100,0,1,Final_StandardName
Joshua Rudolph,2021,Austin Peay,202101422,joshua-rudolph-1,Joshua Rudolph,Indiana,2023,LB,lb,100,0,2,Final_StandardName
Caleb Anderson,2021,Uncommitted,202101696,caleb-anderson-2,Caleb Anderson,Akron,2022,WR,wr,100,0,1,Final_StandardName
Donald Lee,2021,Grambling State,202101728,donald-lee-2,Donald Lee,UAB,2024,CB,cb,100,0,3,Final_StandardName
Jeremiah Brown,2021,Jackson State,202101739,jeremiah-brown-3,Jeremiah Brown,Colorado,2023,LB,lb,100,0,2,Final_StandardName
Jamarian Samuel,2021,Uncommitted,202101751,jamarian-samuel-1,Jamarian Samuel,Georgia Southern,2023,RB,rb,100,0,2,Final_StandardName
Jamarion McDougle,2021,Uncommitted,202101841,jamarion-mcdougle-1,Jamarion McDougle,Ball State,2024,WR,wr,100,0,3,Final_StandardName
Tre Shackelford,2021,Austin Peay,202101842,tre-shackelford-1,Tre Shackelford,Washington State,2024,WR,wr,100,0,3,Final_StandardName
Jevon Jackson,2021,Austin Peay,202101893,jevon-jackson-1,Jevon Jackson,UTEP,2024,RB,rb,100,0,3,Final_StandardName
Carl Chester,2021,Uncommitted,202102000,carl-chester-1,Carl Chester,Tulsa,2022,WR,wr,100,0,1,Final_StandardName
Josh Baka,2021,Uncommitted,202102059,josh-baka-1,Josh Baka,Kent State,2022,DB,cb,100,0,1,Final_StandardName
Jalik Thomas,2021,Uncommitted,202102125,jalik-thomas-1,Jalik Thomas,Appalachian State,2023,DB,ath,100,0,2,Final_StandardName
Antonio Robinson,2021,Uncommitted,202102194,antonio-robinson-2,Antonio Robinson,Marshall,2022,WR,wr,100,0,1,Final_StandardName
Mason Woods,2021,Towson,202102340,mason-woods-2,Mason Woods,Kent State,2024,LB,lb,100,0,3,Final_StandardName
Angelo Rankin Jr.,2021,Richmond,202102357,angelo-rankin-jr-1,Angelo Rankin Jr.,Old Dominion,2024,DB,ath,100,0,3,Final_StandardName
MarQeese Dietz,2021,Uncommitted,202102497,marqeese-dietz-1,Marqeese Dietz,Old Dominion,2021,WR,wr,100,0,0,Final_StandardName
Jayon Carter,2021,Uncommitted,202102500,javon-carter-1,Javon Carter,Tulane,2024,DL,ath,91,0,3,Final_StandardName
Sam Graham,2021,Uncommitted,202102513,sam-graham-1,Sam Graham,Arkansas State,2022,S,s,100,0,1,Final_StandardName
Roscoe Burton,2021,Uncommitted,202102558,roscoe-burton-1,Roscoe Burton,New Mexico State,2024,RB,rb,100,0,3,Final_StandardName
Donovan Jones,2021,Gardner-Webb,202102581,donovan-jones-3,Donovan Jones,Western Kentucky,2024,RB,rb,100,0,3,Final_StandardName
Travis Hunter,2022,Jackson State,202200001,travis-hunter-2,Travis Hunter,Colorado,2023,CB,cb,100,0,1,Final_StandardName
Kevin Coleman Jr.,2022,Jackson State,202200054,kevin-coleman-jr-1,Kevin Coleman Jr.,Louisville,2023,WR,wr,100,0,1,Final_StandardName
Myles Rowser,2022,Campbell,202200232,myles-rowser-1,Myles Rowser,New Mexico State,2023,S,s,100,0,1,Final_StandardName
Phaizon Wilson,2022,Grambling State,202200414,phaizon-wilson-1,Phaizon Wilson,Akron,2023,WR,wr,100,0,1,Final_StandardName
Cooper Barkate,2022,Harvard,202200440,cooper-barkate-1,Cooper Barkate,Duke,2025,WR,ath,100,0,3,Final_StandardName
AJ Johnson,2022,Gardner-Webb,202200564,aj-johnson-7,AJ Johnson,UAB,2025,WR,wr,100,0,3,Final_StandardName
Jordan Williams,2022,Uncommitted,202200760,jordyn-williams-2,Jordyn Williams,Central Michigan,2022,WR,wr,93,0,0,Final_StandardName
Tommy Winton III,2022,East Tennessee State,202200787,tommy-winton-iii-1,Tommy Winton III,Tennessee,2024,WR,ath,100,0,2,Final_StandardName
Tayvion Beasley,2022,Jackson State,202200812,tayvion-beasley-1,Tayvion Beasley,San Diego State,2023,CB,cb,100,0,1,Final_StandardName
Quincy Craig,2022,Portland State,202200990,quincy-craig-1,Quincy Craig,Arizona,2025,RB,rb,100,0,3,Final_StandardName
Avery Powell,2022,Holy Cross,202201053,avery-powell-1,Avery Powell,Temple,2025,CB,cb,100,0,3,Final_StandardName
Demarcus Lacey,2022,North Alabama,202201226,demarcus-lacey-1,Demarcus Lacey,Jacksonville State,2024,WR,ath,100,0,2,Final_StandardName
Kaden Martin,2022,Uncommitted,202201311,kaden-martin-1,Kaden Martin,Middle Tennessee State,2025,QB,qb,100,0,3,Final_StandardName
Paul Hutson III,2022,Campbell,202201338,paul-hutson-iii-1,Paul Hutson III,Marshall,2025,DL,dl,100,0,3,Final_StandardName
Ezekiel Larry,2022,Yale,202201371,ezekiel-larry-1,Ezekiel Larry,San Diego State,2024,DL,edge,100,0,2,Final_StandardName
Braylon Stewart,2022,Uncommitted,202201444,braylon-stewart-1,Braylon Stewart,New Mexico State,2022,RB,rb,100,0,0,Final_StandardName
Damon Williams,2022,Uncommitted,202201469,damon-williamson-1,Damon Williamson,Arizona State,2022,DB,ath,93,0,0,Final_StandardName
BJ Blake,2022,Uncommitted,202201517,bj-blake-1,BJ Blake,Louisiana Tech,2024,DB,cb,100,0,2,Final_StandardName
David Oke,2022,Abilene Christian,202201669,david-oke-1,David Oke,Arkansas,2025,DL,edge,100,0,3,Final_StandardName
Travion Barnes,2022,Uncommitted,202201677,travion-barnes-1,Travion Barnes,Florida International,2024,LB,lb,100,0,2,Final_StandardName
Chance Williams,2022,Grambling State,202201773,chance-williams-1,Chance Williams,Cincinnati,2024,RB,rb,100,0,2,Final_StandardName
Marcus Vinson,2022,Uncommitted,202201808,marcus-vinson-1,Marcus Vinson,UTEP,2023,TE,te,100,0,1,Final_StandardName
Angel Flores,2022,Northern Arizona,202201882,angel-flores-1,Angel Flores,Central Michigan,2025,QB,qb,100,0,3,Final_StandardName
Jordy Lowery,2022,Western Carolina,202201916,jordy-lowery-1,Jordy Lowery,East Carolina,2025,CB,cb,100,0,3,Final_StandardName
Mackavelli Malotumau,2022,Utah Tech,202201971,mackavelli-malotumau-1,Mackavelli Malotumau,Nevada,2023,DL,dl,100,0,1,Final_StandardName
K'Von Sherman,2022,Uncommitted,202202192,kvon-sherman-1,K'Von Sherman,Toledo,2024,LB,lb,100,0,2,Final_StandardName
Anthony White,2023,Uncommitted,202300805,anthony-white-4,Anthony White,Texas Tech,2023,DB,ath,100,0,0,Final_StandardName
Chris Gee,2023,Colgate,202301271,chris-gee-1,Chris Gee,Akron,2025,RB,rb,100,0,2,Final_StandardName
La'Modrick Spencer,2023,Uncommitted,202301340,lamodrick-spencer-1,La'Modrick Spencer,SMU,2025,CB,cb,100,0,2,Final_StandardName
Isaiah Spencer,2023,Jackson State,202301391,isaiah-spencer-3,Isaiah Spencer,Virginia Tech,2025,WR,wr,100,0,2,Final_StandardName
Marquez Taylor,2023,Austin Peay,202301481,marquez-taylor-1,Marquez Taylor,UTEP,2024,RB,ath,100,0,1,Final_StandardName
Jaden McKinney,2023,Austin Peay,202301530,jaden-mckinney-1,Jaden McKinney,Southern Mississippi,2025,DL,dl,100,0,2,Final_StandardName
Tre Richardson,2023,Uncommitted,202301584,tre-richardson-1,Tre Richardson,Vanderbilt,2025,WR,ath,100,0,2,Final_StandardName
Iverson Young,2023,Montana,202301611,iverson-young-1,Iverson Young,Missouri State,2025,RB,rb,100,0,2,Final_StandardName
Kennon Loftin,2023,Uncommitted,202301700,kennon-loftin-1,Kennon Loftin,Western Kentucky,2025,LB,lb,100,0,2,Final_StandardName
Carson Conklin,2023,Sacramento State,202301718,carson-conklin-1,Carson Conklin,Fresno State,2025,QB,qb,100,0,2,Final_StandardName
Michael Montgomery,2023,Portland State,202301841,michael-montgomery-1,Michael Montgomery,Southern Mississippi,2025,LB,lb,100,0,2,Final_StandardName
Alan Young,2023,Uncommitted,202301903,alan-young-2,Alan Young,Middle Tennessee State,2024,DB,cb,100,0,1,Final_StandardName
Jamond Mathis,2023,Southern Illinois,202301981,jamond-mathis-1,Jamond Mathis,Kent State,2025,DE,edge,100,0,2,Final_StandardName
Jacob Jones,2023,Grambling State,202302000,jacob-jones-2,Jacob Jones,South Alabama,2024,QB,qb,100,0,1,Final_StandardName
D'Mariun Perteet,2023,Uncommitted,202302001,dmariun-perteet-1,D’Mariun Perteet,Coastal Carolina,2025,RB,rb,100,0,2,Final_StandardName
Aidan Warner,2023,Yale,202302014,aidan-warner-1,Aidan Warner,Florida,2024,QB,qb,100,0,1,Final_StandardName
Jaylen Moson,2023,Furman,202302064,jaylen-moson-1,Jaylen Moson,Utah,2025,CB,cb,100,0,2,Final_StandardName
Ray Coney,2023,East Tennessee State,202302078,ray-coney-1,Ray Coney,Tulsa,2025,LB,lb,100,0,2,Final_StandardName
Aiden Valdez,2023,Campbell,202302229,aiden-valdez-1,Aiden Valdez,New Mexico,2025,TE,te,100,0,2,Final_StandardName
Michael Petro,2023,Uncommitted,202302273,michael-petro-1,Michael Petro,UTSA,2023,K,k,100,0,0,Final_StandardName
Scooter Jackson,2023,Utah Tech,202302274,scooter-jackson-1,Scooter Jackson,UCLA,2025,DB,cb,100,0,2,Final_StandardName
Beau Baker,2024,South Dakota State,202400362,beau-baker-1,Beau Baker,Washington State,2025,TE,te,100,0,1,Final_StandardName
Keenan Phillips,2024,Uncommitted,202401211,keenan-phillips-1,Keenan Phillips,South Alabama,2025,RB,rb,100,0,1,Final_StandardName
Jordan Washington,2024,Murray State,202401239,jordan-washington-4,Jordan Washington,Washington,2024,RB,rb,100,0,0,Final_StandardName
Edwin Moore Jr.,2024,Western Carolina,202401446,edwin-moore-jr-1,Edwin Moore Jr.,Maryland,2025,DL,dl,100,0,1,Final_StandardName
Korey Smith,2024,Uncommitted,202401537,korey-smith-3,Korey Smith,Middle Tennessee State,2024,LB,lb,100,0,0,Final_StandardName
Jordan White,2024,Uncommitted,202401623,jordan-white-7,Jordan White,Georgia,2024,TE,te,100,0,0,Final_StandardName
Trey Ridley,2024,South Dakota State,202401801,trey-ridley-1,Trey Ridley,Washington State,2025,S,s,100,0,1,Final_StandardName
Jeremy Cook Jr.,2024,Jackson State,202401810,jeremy-cook-jr-1,Jeremy Cook Jr.,Oklahoma State,2025,S,s,100,0,1,Final_StandardName
Cameron Mitchell,2024,Uncommitted,202401924,cameron-mitchell-4,Cameron Mitchell,Utah,2024,WR,wr,100,0,0,Final_StandardName
Jacob Henry,2024,Uncommitted,202401946,jacob-henry-2,Jacob Henry,Oklahoma,2025,DL,dl,100,0,1,Final_StandardName
Kaleb Coleman,2024,East Texas A&M,202401982,kaleb-coleman-1,Kaleb Coleman,Louisiana Tech,2025,DL,edge,100,0,1,Final_StandardName
Jerrian Parker Jr.,2024,Southern Illinois,202401990,jerrian-parker-1,Jerrian Parker,Sam Houston,2025,RB,rb,90,0,1,Final_StandardName
Trey Coleman,2024,Uncommitted,202402104,trey-coleman-2,Trey Coleman,Utah,2024,K,k,100,0,0,Final_StandardName
Preston Wolfe,2024,Indiana State,202402263,preston-wolfe-1,Preston Wolfe,Ohio State,2025,WR,ath,100,0,1,Final_StandardName
Elijah Brown,2024,Uncommitted,202402268,elijah-brown-6,Elijah Brown,Colorado State,2025,DB,cb,100,0,1,Final_StandardName
Justice Spann,2024,Uncommitted,202402491,justice-spann-1,Justice Spann,Arizona State,2024,WR,wr,100,0,0,Final_StandardName
Anthony Rezac,2024,Uncommitted,202402513,anthony-rezac-1,Anthony Rezac,Notre Dame,2024,QB,qb,100,0,0,Final_StandardName
D'avion Coffee,2024,Uncommitted,202402539,davion-coffee-1,Davion Coffee,Buffalo,2025,DB,ath,100,0,1,Final_StandardName
Josh Anglin,2024,North Alabama,202402544,josh-anglin-1,Josh Anglin,Tulsa,2025,LB,lb,100,0,1,Final_StandardName
Tyler Day,2024,Uncommitted,202402689,tyler-day-1,Tyler Day,Rice,2024,LB,lb,100,0,0,Final_StandardName
Maxwell Woods,2024,South Dakota State,202402732,maxwell-woods-1,Maxwell Woods,Washington State,2025,RB,rb,100,0,1,Final_StandardName
Dominic Ingrassia,2024,Uncommitted,202402882,dominic-ingrassia-1,Dominic Ingrassia,California,2025,QB,qb,100,0,1,Final_StandardName
Jack Stupin,2024,Uncommitted,202402885,jack-stupin-1,Jack Stupin,USC,2024,QB,qb,100,0,0,Final_StandardName
Oscar Trevino,2024,Uncommitted,202403002,oscar-trevino-1,Oscar Trevino,Nevada-Las Vegas,2024,DL,edge,100,0,0,Final_StandardName
Jackson King,2024,Uncommitted,202403015,jackson-king-1,Jackson King,Air Force,2025,QB,qb,100,0,1,Final_StandardName
Aaron Ball,2024,Uncommitted,202403021,aaron-ball-2,Aaron Ball,Illinois,2024,RB,rb,100,0,0,Final_StandardName
Shawn Irwin,2024,Uncommitted,202403050,shawn-irwin-1,Shawn Irwin,Rice,2024,WR,wr,100,0,0,Final_StandardName
Eli Johnson,2024,Southern Oregon,202403089,elias-johnson-2,Elias Johnson,Maryland,2025,RB,ath,91,0,1,Final_StandardName
Navi Bruzon,2024,Uncommitted,202403103,navi-bruzon-1,Navi Bruzon,Arizona State,2024,QB,qb,100,0,0,Final_StandardName
Jacob Pruitt,2024,Uncommitted,202403128,jacob-pruitt-1,Jacob Pruitt,Oregon,2024,DB,ath,100,0,0,Final_StandardName
Jalen Johnson,2024,Ferris State,202403148,javen-johnson-1,Javen Johnson,Coastal Carolina,2025,DL,ath,92,0,1,Final_StandardName
Elijah Porter,2024,Uncommitted,202403199,elijah-porter-1,Elijah Porter,Northern Illinois,2024,RB,rb,100,0,0,Final_StandardName
Anthony Palano,2024,South Dakota State,202403202,anthony-palano-1,Anthony Palano,Washington State,2025,LB,lb,100,0,1,Final_StandardName
Diezel Kamoku,2024,Uncommitted,202403224,diezel-kamoku-1,Diezel Kamoku,Utah,2024,WR,wr,100,0,0,Final_StandardName
Blayne Sisson,2024,Uncommitted,202403235,blayne-sisson-1,Blayne Sisson,Illinois,2024,DB,ath,100,0,0,Final_StandardName
Braylen Hall,2024,Western Colorado,202403274,brayden-hall-1,Brayden Hall,Coastal Carolina,2024,DB,ath,91,0,0,Final_StandardName
Collin Fasse,2024,Portland State,202403276,collin-fasse-1,Collin Fasse,USC,2024,WR,wr,100,0,0,Final_StandardName
Trace Hernandez,2024,Uncommitted,202403319,trace-hernandez-1,Trace Hernandez,San Jose State,2025,WR,wr,100,0,1,Final_StandardName
Paxon Kettering,2024,Uncommitted,202403366,paxon-kettering-1,Paxon Kettering,Duke,2024,WR,wr,100,0,0,Final_StandardName
Gavin Correia,2024,Uncommitted,202403441,gavin-correia-1,Gavin Correia,Fresno State,2025,TE,te,100,0,1,Final_StandardName
Troy Grizzle,2024,Uncommitted,202403558,troy-grizzle-1,Troy Grizzle,Boise State,2024,DE,edge,100,0,0,Final_StandardName
Devon Oliver,2025,Yale,202500911,devon-oliver-1,Devon Oliver,Rice,2025,DL,dl,100,0,0,Final_StandardName
AJ Johnson,2025,Eastern Kentucky,202501185,aj-johnson-7,AJ Johnson,UAB,2025,WR,wr,100,0,0,Final_StandardName
Brooklen Davis,2025,Uncommitted,202501901,brooklen-davis-1,Brooklen Davis,Middle Tennessee State,2025,RB,rb,100,0,0,Final_StandardName
Ezekiel Castex,2025,Uncommitted,202502068,ezekiel-castex-1,Ezekiel Castex,Kent State,2025,DB,ath,100,0,0,Final_StandardName
Braxton Jennings,2025,Uncommitted,202502170,braxton-jennings-1,Braxton Jennings,Louisville,2025,RB,rb,100,0,0,Final_StandardName
Jaden Barnes,2025,North Alabama,202502514,jaden-barnes-1,Jaden Barnes,Appalachian State,2025,WR,wr,100,0,0,Final_StandardName
Draiden Trudeau,2025,Uncommitted,202502662,draiden-trudeau-1,Draiden Trudeau,San Diego State,2025,QB,qb,100,0,0,Final_StandardName
Jaylen Johnson,2025,Uncommitted,202502745,jaylon-johnson-3,Jaylon Johnson,Charlotte,2025,DL,ath,92,0,0,Final_StandardName
Owen Simpson,2025,Uncommitted,202502957,owen-simpson-1,Owen Simpson,UAB,2025,K,k,100,0,0,Final_StandardName
Jered Rennick,2025,Uncommitted,202503035,jered-rennick-1,Jered Rennick,New Mexico,2025,WR,ath,100,0,0,Final_StandardName
Tyler Lewis,2025,Uncommitted,202503182,tyler-lewis-1,Tyler Lewis,Colorado State,2025,QB,qb,100,0,0,Final_StandardName
Myles Mitchell,2025,North Dakota State,202503258,miles-mitchell-1,Miles Mitchell,Purdue,2025,DL,ath,92,0,0,Final_StandardName
Trey Peters,2025,Uncommitted,202503460,trey-peters-1,Trey Peters,Illinois,2025,TE,te,100,0,0,Final_StandardName
Broden Molen,2025,Uncommitted,202503500,broden-molen-1,Broden Molen,Arizona,2025,LS,ls,100,0,0,Final_StandardName
Chase Dawkins,2025,Uncommitted,202503605,chase-dawkins-1,Chase Dawkins,Western Michigan,2025,RB,rb,100,0,0,Final_StandardName
