position,factoid_type,factoid_text,tags
DB,biometric_threshold,"[DB] Insight: DB recruits who were above weight_lbs 190 saw an average elite rate (>=80) of 2.1%, which is 67.8% higher than the position average.",190|above|biometric_threshold|db|elite|ge_80|threshold|weight_lbs
DB,prestige_lift,"[DB] Insight: DB recruits who had flag_all_american_bowl saw an average elite rate (>=80) of 13.5%, which is 984.5% higher than the position average.",db|elite|flag_all_american_bowl|ge_80|has_flag|prestige_lift|threshold
DB,prestige_lift,"[DB] Insight: DB recruits who had flag_all_america_game saw an average elite rate (>=80) of 11.1%, which is 795.1% higher than the position average.",db|elite|flag_all_america_game|ge_80|has_flag|prestige_lift|threshold
DB,prestige_lift,"[DB] Insight: DB recruits who had flag_the_opening saw an average elite rate (>=80) of 7.3%, which is 489.5% higher than the position average.",db|elite|flag_the_opening|ge_80|has_flag|prestige_lift|threshold
DB,prestige_lift,"[DB] Insight: DB recruits who had flag_all_america_game saw an average multi-year starter rate (>=50) of 82.2%, which is 66.7% higher than the position average.",db|flag_all_america_game|ge_50|has_flag|multi-year_starter|prestige_lift|threshold
DB,prestige_lift,"[DB] Insight: DB recruits who had flag_the_opening saw an average multi-year starter rate (>=50) of 78.0%, which is 58.2% higher than the position average.",db|flag_the_opening|ge_50|has_flag|multi-year_starter|prestige_lift|threshold
DB,prestige_lift,"[DB] Insight: DB recruits who had flag_all_america_game saw an average career success score of 62.50, which is 49.7% higher than the position average.",db|flag_all_america_game|has_flag|prestige_lift
DB,prestige_lift,"[DB] Insight: DB recruits who had flag_all_american_bowl saw an average multi-year starter rate (>=50) of 69.2%, which is 40.3% higher than the position average.",db|flag_all_american_bowl|ge_50|has_flag|multi-year_starter|prestige_lift|threshold
DB,prestige_lift,"[DB] Insight: DB recruits who had flag_the_opening saw an average career success score of 56.62, which is 35.6% higher than the position average.",db|flag_the_opening|has_flag|prestige_lift
DB,prestige_lift,"[DB] Insight: DB recruits who had flag_all_american_bowl saw an average career success score of 55.63, which is 33.2% higher than the position average.",db|flag_all_american_bowl|has_flag|prestige_lift
DB,prestige_lift,"[DB] Insight: DB recruits who had flag_all_america_game saw an average contributor rate (>=20) of 95.6%, which is 23.0% higher than the position average.",contributor|db|flag_all_america_game|ge_20|has_flag|prestige_lift|threshold
DB,prestige_lift,"[DB] Insight: DB recruits who had flag_the_opening saw an average contributor rate (>=20) of 90.2%, which is 16.2% higher than the position average.",contributor|db|flag_the_opening|ge_20|has_flag|prestige_lift|threshold
DB,skill_influence,"[DB] Insight: DB recruits who had skill_Recovery Speed ratings of 9 or 10 saw an average elite rate (>=80) of 8.3%, which is 566.3% higher than the position average.",db|elite|ge_80|rating_9_or_10|skill_influence|skill_recovery_speed|threshold
DB,skill_influence,"[DB] Insight: DB recruits who had skill_Length ratings of 9 or 10 saw an average elite rate (>=80) of 4.7%, which is 281.8% higher than the position average.",db|elite|ge_80|rating_9_or_10|skill_influence|skill_length|threshold
DB,skill_influence,"[DB] Insight: DB recruits who had skill_Change of Direction ratings of 9 or 10 saw an average elite rate (>=80) of 3.1%, which is 147.0% higher than the position average.",db|elite|ge_80|rating_9_or_10|skill_change_of_direction|skill_influence|threshold
DB,skill_influence,"[DB] Insight: DB recruits who had skill_Recovery Speed ratings of 9 or 10 saw an average multi-year starter rate (>=50) of 83.5%, which is 69.2% higher than the position average.",db|ge_50|multi-year_starter|rating_9_or_10|skill_influence|skill_recovery_speed|threshold
DB,skill_influence,"[DB] Insight: DB recruits who had skill_Length ratings of 9 or 10 saw an average multi-year starter rate (>=50) of 80.1%, which is 62.4% higher than the position average.",db|ge_50|multi-year_starter|rating_9_or_10|skill_influence|skill_length|threshold
DB,skill_influence,"[DB] Insight: DB recruits who had skill_Recovery Speed ratings of 9 or 10 saw an average career success score of 61.70, which is 47.8% higher than the position average.",db|rating_9_or_10|skill_influence|skill_recovery_speed
DB,skill_influence,"[DB] Insight: DB recruits who had skill_Change of Direction ratings of 9 or 10 saw an average multi-year starter rate (>=50) of 72.9%, which is 47.7% higher than the position average.",db|ge_50|multi-year_starter|rating_9_or_10|skill_change_of_direction|skill_influence|threshold
DB,skill_influence,"[DB] Insight: DB recruits who had skill_Length ratings of 9 or 10 saw an average career success score of 58.36, which is 39.8% higher than the position average.",db|rating_9_or_10|skill_influence|skill_length
DB,skill_influence,"[DB] Insight: DB recruits who had skill_Change of Direction ratings of 9 or 10 saw an average career success score of 53.65, which is 28.5% higher than the position average.",db|rating_9_or_10|skill_change_of_direction|skill_influence
DB,skill_influence,"[DB] Insight: DB recruits who had skill_Recovery Speed ratings of 9 or 10 saw an average contributor rate (>=20) of 98.5%, which is 26.8% higher than the position average.",contributor|db|ge_20|rating_9_or_10|skill_influence|skill_recovery_speed|threshold
DB,skill_influence,"[DB] Insight: DB recruits who had skill_Length ratings of 9 or 10 saw an average contributor rate (>=20) of 95.3%, which is 22.7% higher than the position average.",contributor|db|ge_20|rating_9_or_10|skill_influence|skill_length|threshold
DB,skill_influence,"[DB] Insight: DB recruits who had skill_Change of Direction ratings of 9 or 10 saw an average contributor rate (>=20) of 90.6%, which is 16.6% higher than the position average.",contributor|db|ge_20|rating_9_or_10|skill_change_of_direction|skill_influence|threshold
DB,star_threshold,"[DB] Insight: DB recruits who were 5-star prospects saw an average elite rate (>=80) of 15.5%, which is 1150.1% higher than the position average.",5-star|db|elite|ge_80|star_threshold|threshold
DB,star_threshold,"[DB] Insight: DB recruits who were 4-star prospects saw an average elite rate (>=80) of 2.5%, which is 104.7% higher than the position average.",4-star|db|elite|ge_80|star_threshold|threshold
DB,star_threshold,"[DB] Insight: DB recruits who were 5-star prospects saw an average multi-year starter rate (>=50) of 86.2%, which is 74.8% higher than the position average.",5-star|db|ge_50|multi-year_starter|star_threshold|threshold
DB,star_threshold,"[DB] Insight: DB recruits who were 5-star prospects saw an average career success score of 65.28, which is 56.3% higher than the position average.",5-star|db|star_threshold
DB,star_threshold,"[DB] Insight: DB recruits who were 4-star prospects saw an average multi-year starter rate (>=50) of 66.8%, which is 35.4% higher than the position average.",4-star|db|ge_50|multi-year_starter|star_threshold|threshold
DB,star_threshold,"[DB] Insight: DB recruits who were 5-star prospects saw an average contributor rate (>=20) of 98.3%, which is 26.6% higher than the position average.",5-star|contributor|db|ge_20|star_threshold|threshold
DB,star_threshold,"[DB] Insight: DB recruits who were 4-star prospects saw an average career success score of 51.04, which is 22.2% higher than the position average.",4-star|db|star_threshold
DB,star_threshold,"[DB] Insight: DB recruits who were 3-star prospects saw an average elite rate (>=80) of 0.8%, which is 32.1% lower than the position average.",3-star|db|elite|ge_80|star_threshold|threshold
DB,star_threshold,"[DB] Insight: DB recruits who were 2-star prospects saw an average elite rate (>=80) of 0.2%, which is 85.9% lower than the position average.",2-star|db|elite|ge_80|star_threshold|threshold
DB,state_analysis,"[DB] Insight: DB recruits who were from TX saw an average elite rate (>=80) of 2.4%, which is 90.4% higher than the position average.",db|elite|ge_80|state|state_analysis|threshold|tx
DB,state_analysis,"[DB] Insight: DB recruits who were from AL saw an average elite rate (>=80) of 1.9%, which is 50.1% higher than the position average.",al|db|elite|ge_80|state|state_analysis|threshold
DB,state_analysis,"[DB] Insight: DB recruits who were from LA saw an average elite rate (>=80) of 1.8%, which is 43.9% higher than the position average.",db|elite|ge_80|la|state|state_analysis|threshold
DB,state_analysis,"[DB] Insight: DB recruits who were from GA saw an average elite rate (>=80) of 1.7%, which is 33.6% higher than the position average.",db|elite|ga|ge_80|state|state_analysis|threshold
DB,state_analysis,"[DB] Insight: DB recruits who were from OH saw an average elite rate (>=80) of 1.6%, which is 26.9% higher than the position average.",db|elite|ge_80|oh|state|state_analysis|threshold
DB,state_analysis,"[DB] Insight: DB recruits who were from TN saw an average multi-year starter rate (>=50) of 41.8%, which is 15.2% lower than the position average.",db|ge_50|multi-year_starter|state|state_analysis|threshold|tn
DB,state_analysis,"[DB] Insight: DB recruits who were from CA saw an average elite rate (>=80) of 1.0%, which is 16.9% lower than the position average.",ca|db|elite|ge_80|state|state_analysis|threshold
DB,state_analysis,"[DB] Insight: DB recruits who were from TN saw an average elite rate (>=80) of 1.0%, which is 17.8% lower than the position average.",db|elite|ge_80|state|state_analysis|threshold|tn
DB,state_analysis,"[DB] Insight: DB recruits who were from MI saw an average elite rate (>=80) of 1.0%, which is 18.6% lower than the position average.",db|elite|ge_80|mi|state|state_analysis|threshold
DB,state_analysis,"[DB] Insight: DB recruits who were from MD saw an average elite rate (>=80) of 1.0%, which is 21.8% lower than the position average.",db|elite|ge_80|md|state|state_analysis|threshold
DB,state_analysis,"[DB] Insight: DB recruits who were from NC saw an average elite rate (>=80) of 0.9%, which is 26.1% lower than the position average.",db|elite|ge_80|nc|state|state_analysis|threshold
DB,state_analysis,"[DB] Insight: DB recruits who were from FL saw an average elite rate (>=80) of 0.7%, which is 40.9% lower than the position average.",db|elite|fl|ge_80|state|state_analysis|threshold
DB,state_analysis,"[DB] Insight: DB recruits who were from VA saw an average elite rate (>=80) of 0.0%, which is 100.0% lower than the position average.",db|elite|ge_80|state|state_analysis|threshold|va
EDGE,biometric_threshold,"[EDGE] Insight: EDGE recruits who were above weight_lbs 250 saw an average elite rate (>=80) of 2.6%, which is 25.8% higher than the position average.",250|above|biometric_threshold|edge|elite|ge_80|threshold|weight_lbs
EDGE,biometric_threshold,"[EDGE] Insight: EDGE recruits who were above height_inches 75 saw an average elite rate (>=80) of 2.5%, which is 19.9% higher than the position average.",75|above|biometric_threshold|edge|elite|ge_80|height_inches|threshold
EDGE,biometric_threshold,"[EDGE] Insight: EDGE recruits who were above weight_lbs 250 saw an average career success score of 43.80, which is 19.6% higher than the position average.",250|above|biometric_threshold|edge|weight_lbs
EDGE,biometric_threshold,"[EDGE] Insight: EDGE recruits who were at or below height_inches 75 saw an average elite rate (>=80) of 1.5%, which is 28.2% lower than the position average.",75|at_or_below|biometric_threshold|edge|elite|ge_80|height_inches|threshold
EDGE,skill_influence,"[EDGE] Insight: EDGE recruits who had skill_First Step ratings of 9 or 10 saw an average multi-year starter rate (>=50) of 50.5%, which is 24.5% higher than the position average.",edge|ge_50|multi-year_starter|rating_9_or_10|skill_first_step|skill_influence|threshold
EDGE,skill_influence,"[EDGE] Insight: EDGE recruits who had skill_First Step ratings of 9 or 10 saw an average career success score of 45.05, which is 23.0% higher than the position average.",edge|rating_9_or_10|skill_first_step|skill_influence
EDGE,skill_influence,"[EDGE] Insight: EDGE recruits who had skill_First Step ratings of 9 or 10 saw an average contributor rate (>=20) of 80.2%, which is 16.1% higher than the position average.",contributor|edge|ge_20|rating_9_or_10|skill_first_step|skill_influence|threshold
EDGE,star_threshold,"[EDGE] Insight: EDGE recruits who were 4-star prospects saw an average elite rate (>=80) of 3.1%, which is 53.0% higher than the position average.",4-star|edge|elite|ge_80|star_threshold|threshold
EDGE,star_threshold,"[EDGE] Insight: EDGE recruits who were 4-star prospects saw an average career success score of 46.56, which is 27.1% higher than the position average.",4-star|edge|star_threshold
EDGE,star_threshold,"[EDGE] Insight: EDGE recruits who were 4-star prospects saw an average contributor rate (>=20) of 86.2%, which is 24.8% higher than the position average.",4-star|contributor|edge|ge_20|star_threshold|threshold
EDGE,star_threshold,"[EDGE] Insight: EDGE recruits who were 4-star prospects saw an average multi-year starter rate (>=50) of 49.1%, which is 21.1% higher than the position average.",4-star|edge|ge_50|multi-year_starter|star_threshold|threshold
EDGE,star_threshold,"[EDGE] Insight: EDGE recruits who were 3-star prospects saw an average elite rate (>=80) of 1.7%, which is 19.4% lower than the position average.",3-star|edge|elite|ge_80|star_threshold|threshold
EDGE,star_threshold,"[EDGE] Insight: EDGE recruits who were 2-star prospects saw an average elite rate (>=80) of 0.0%, which is 100.0% lower than the position average.",2-star|edge|elite|ge_80|star_threshold|threshold
EDGE,state_analysis,"[EDGE] Insight: EDGE recruits who were from GA saw an average multi-year starter rate (>=50) of 50.6%, which is 24.8% higher than the position average.",edge|ga|ge_50|multi-year_starter|state|state_analysis|threshold
EDGE,state_analysis,"[EDGE] Insight: EDGE recruits who were from AL saw an average contributor rate (>=20) of 82.4%, which is 19.3% higher than the position average.",al|contributor|edge|ge_20|state|state_analysis|threshold
EDGE,state_analysis,"[EDGE] Insight: EDGE recruits who were from GA saw an average career success score of 43.03, which is 17.5% higher than the position average.",edge|ga|state|state_analysis
EDGE,state_analysis,"[EDGE] Insight: EDGE recruits who were from GA saw an average contributor rate (>=20) of 79.8%, which is 15.5% higher than the position average.",contributor|edge|ga|ge_20|state|state_analysis|threshold
EDGE,state_analysis,"[EDGE] Insight: EDGE recruits who were from CA saw an average multi-year starter rate (>=50) of 32.6%, which is 19.6% lower than the position average.",ca|edge|ge_50|multi-year_starter|state|state_analysis|threshold
EDGE,state_analysis,"[EDGE] Insight: EDGE recruits who were from GA saw an average elite rate (>=80) of 1.1%, which is 45.3% lower than the position average.",edge|elite|ga|ge_80|state|state_analysis|threshold
EDGE,state_analysis,"[EDGE] Insight: EDGE recruits who were from TX saw an average elite rate (>=80) of 0.9%, which is 58.1% lower than the position average.",edge|elite|ge_80|state|state_analysis|threshold|tx
EDGE,state_analysis,"[EDGE] Insight: EDGE recruits who were from NC saw an average elite rate (>=80) of 0.0%, which is 100.0% lower than the position average.",edge|elite|ge_80|nc|state|state_analysis|threshold
EDGE,state_analysis,"[EDGE] Insight: EDGE recruits who were from OH saw an average elite rate (>=80) of 0.0%, which is 100.0% lower than the position average.",edge|elite|ge_80|oh|state|state_analysis|threshold
EDGE,state_analysis,"[EDGE] Insight: EDGE recruits who were from AL saw an average elite rate (>=80) of 0.0%, which is 100.0% lower than the position average.",al|edge|elite|ge_80|state|state_analysis|threshold
IDL,biometric_threshold,"[IDL] Insight: IDL recruits who were above weight_lbs 300 saw an average elite rate (>=80) of 2.1%, which is 87.1% higher than the position average.",300|above|biometric_threshold|elite|ge_80|idl|threshold|weight_lbs
IDL,biometric_threshold,"[IDL] Insight: IDL recruits who were above height_inches 75 saw an average elite rate (>=80) of 1.8%, which is 58.1% higher than the position average.",75|above|biometric_threshold|elite|ge_80|height_inches|idl|threshold
IDL,biometric_threshold,"[IDL] Insight: IDL recruits who were above weight_lbs 300 saw an average multi-year starter rate (>=50) of 55.9%, which is 25.2% higher than the position average.",300|above|biometric_threshold|ge_50|idl|multi-year_starter|threshold|weight_lbs
IDL,biometric_threshold,"[IDL] Insight: IDL recruits who were at or below weight_lbs 300 saw an average elite rate (>=80) of 1.0%, which is 15.6% lower than the position average.",300|at_or_below|biometric_threshold|elite|ge_80|idl|threshold|weight_lbs
IDL,biometric_threshold,"[IDL] Insight: IDL recruits who were at or below height_inches 75 saw an average elite rate (>=80) of 0.8%, which is 32.8% lower than the position average.",75|at_or_below|biometric_threshold|elite|ge_80|height_inches|idl|threshold
IDL,skill_influence,"[IDL] Insight: IDL recruits who had skill_Hand Quickness ratings of 9 or 10 saw an average elite rate (>=80) of 4.5%, which is 298.3% higher than the position average.",elite|ge_80|idl|rating_9_or_10|skill_hand_quickness|skill_influence|threshold
IDL,skill_influence,"[IDL] Insight: IDL recruits who had skill_Athleticism ratings of 9 or 10 saw an average elite rate (>=80) of 3.6%, which is 217.8% higher than the position average.",elite|ge_80|idl|rating_9_or_10|skill_athleticism|skill_influence|threshold
IDL,skill_influence,"[IDL] Insight: IDL recruits who had skill_Size ratings of 9 or 10 saw an average elite rate (>=80) of 3.1%, which is 172.7% higher than the position average.",elite|ge_80|idl|rating_9_or_10|skill_influence|skill_size|threshold
IDL,skill_influence,"[IDL] Insight: IDL recruits who had skill_Hand Quickness ratings of 9 or 10 saw an average multi-year starter rate (>=50) of 74.7%, which is 67.4% higher than the position average.",ge_50|idl|multi-year_starter|rating_9_or_10|skill_hand_quickness|skill_influence|threshold
IDL,skill_influence,"[IDL] Insight: IDL recruits who had skill_Athleticism ratings of 9 or 10 saw an average multi-year starter rate (>=50) of 74.1%, which is 66.1% higher than the position average.",ge_50|idl|multi-year_starter|rating_9_or_10|skill_athleticism|skill_influence|threshold
IDL,skill_influence,"[IDL] Insight: IDL recruits who had skill_Size ratings of 9 or 10 saw an average multi-year starter rate (>=50) of 68.1%, which is 52.6% higher than the position average.",ge_50|idl|multi-year_starter|rating_9_or_10|skill_influence|skill_size|threshold
IDL,skill_influence,"[IDL] Insight: IDL recruits who had skill_Hand Quickness ratings of 9 or 10 saw an average career success score of 54.50, which is 41.1% higher than the position average.",idl|rating_9_or_10|skill_hand_quickness|skill_influence
IDL,skill_influence,"[IDL] Insight: IDL recruits who had skill_Athleticism ratings of 9 or 10 saw an average career success score of 53.99, which is 39.8% higher than the position average.",idl|rating_9_or_10|skill_athleticism|skill_influence
IDL,skill_influence,"[IDL] Insight: IDL recruits who had skill_Size ratings of 9 or 10 saw an average career success score of 50.68, which is 31.2% higher than the position average.",idl|rating_9_or_10|skill_influence|skill_size
IDL,skill_influence,"[IDL] Insight: IDL recruits who had skill_Athleticism ratings of 9 or 10 saw an average contributor rate (>=20) of 92.2%, which is 24.9% higher than the position average.",contributor|ge_20|idl|rating_9_or_10|skill_athleticism|skill_influence|threshold
IDL,skill_influence,"[IDL] Insight: IDL recruits who had skill_Hand Quickness ratings of 9 or 10 saw an average contributor rate (>=20) of 91.6%, which is 24.0% higher than the position average.",contributor|ge_20|idl|rating_9_or_10|skill_hand_quickness|skill_influence|threshold
IDL,skill_influence,"[IDL] Insight: IDL recruits who had skill_Size ratings of 9 or 10 saw an average contributor rate (>=20) of 87.9%, which is 19.1% higher than the position average.",contributor|ge_20|idl|rating_9_or_10|skill_influence|skill_size|threshold
IDL,star_threshold,"[IDL] Insight: IDL recruits who were 5-star prospects saw an average elite rate (>=80) of 14.9%, which is 1205.0% higher than the position average.",5-star|elite|ge_80|idl|star_threshold|threshold
IDL,star_threshold,"[IDL] Insight: IDL recruits who were 5-star prospects saw an average multi-year starter rate (>=50) of 91.5%, which is 105.0% higher than the position average.",5-star|ge_50|idl|multi-year_starter|star_threshold|threshold
IDL,star_threshold,"[IDL] Insight: IDL recruits who were 4-star prospects saw an average elite rate (>=80) of 2.1%, which is 81.5% higher than the position average.",4-star|elite|ge_80|idl|star_threshold|threshold
IDL,star_threshold,"[IDL] Insight: IDL recruits who were 5-star prospects saw an average career success score of 65.97, which is 70.7% higher than the position average.",5-star|idl|star_threshold
IDL,star_threshold,"[IDL] Insight: IDL recruits who were 5-star prospects saw an average contributor rate (>=20) of 100.0%, which is 35.4% higher than the position average.",5-star|contributor|ge_20|idl|star_threshold|threshold
IDL,star_threshold,"[IDL] Insight: IDL recruits who were 4-star prospects saw an average multi-year starter rate (>=50) of 58.0%, which is 30.0% higher than the position average.",4-star|ge_50|idl|multi-year_starter|star_threshold|threshold
IDL,star_threshold,"[IDL] Insight: IDL recruits who were 4-star prospects saw an average career success score of 46.42, which is 20.1% higher than the position average.",4-star|idl|star_threshold
IDL,star_threshold,"[IDL] Insight: IDL recruits who were 4-star prospects saw an average contributor rate (>=20) of 85.8%, which is 16.2% higher than the position average.",4-star|contributor|ge_20|idl|star_threshold|threshold
IDL,star_threshold,"[IDL] Insight: IDL recruits who were 3-star prospects saw an average elite rate (>=80) of 0.6%, which is 50.4% lower than the position average.",3-star|elite|ge_80|idl|star_threshold|threshold
IDL,star_threshold,"[IDL] Insight: IDL recruits who were 2-star prospects saw an average elite rate (>=80) of 0.0%, which is 100.0% lower than the position average.",2-star|elite|ge_80|idl|star_threshold|threshold
IDL,state_analysis,"[IDL] Insight: IDL recruits who were from IL saw an average elite rate (>=80) of 1.8%, which is 56.5% higher than the position average.",elite|ge_80|idl|il|state|state_analysis|threshold
IDL,state_analysis,"[IDL] Insight: IDL recruits who were from CA saw an average elite rate (>=80) of 1.7%, which is 47.3% higher than the position average.",ca|elite|ge_80|idl|state|state_analysis|threshold
IDL,state_analysis,"[IDL] Insight: IDL recruits who were from NC saw an average multi-year starter rate (>=50) of 65.6%, which is 47.0% higher than the position average.",ge_50|idl|multi-year_starter|nc|state|state_analysis|threshold
IDL,state_analysis,"[IDL] Insight: IDL recruits who were from NC saw an average elite rate (>=80) of 1.6%, which is 43.6% higher than the position average.",elite|ge_80|idl|nc|state|state_analysis|threshold
IDL,state_analysis,"[IDL] Insight: IDL recruits who were from TX saw an average elite rate (>=80) of 1.6%, which is 40.2% higher than the position average.",elite|ge_80|idl|state|state_analysis|threshold|tx
IDL,state_analysis,"[IDL] Insight: IDL recruits who were from FL saw an average elite rate (>=80) of 1.5%, which is 34.1% higher than the position average.",elite|fl|ge_80|idl|state|state_analysis|threshold
IDL,state_analysis,"[IDL] Insight: IDL recruits who were from NC saw an average career success score of 47.83, which is 23.8% higher than the position average.",idl|nc|state|state_analysis
IDL,state_analysis,"[IDL] Insight: IDL recruits who were from MS saw an average multi-year starter rate (>=50) of 54.0%, which is 21.0% higher than the position average.",ge_50|idl|ms|multi-year_starter|state|state_analysis|threshold
IDL,state_analysis,"[IDL] Insight: IDL recruits who were from GA saw an average multi-year starter rate (>=50) of 37.6%, which is 15.6% lower than the position average.",ga|ge_50|idl|multi-year_starter|state|state_analysis|threshold
IDL,state_analysis,"[IDL] Insight: IDL recruits who were from OH saw an average elite rate (>=80) of 0.0%, which is 100.0% lower than the position average.",elite|ge_80|idl|oh|state|state_analysis|threshold
IDL,state_analysis,"[IDL] Insight: IDL recruits who were from MI saw an average elite rate (>=80) of 0.0%, which is 100.0% lower than the position average.",elite|ge_80|idl|mi|state|state_analysis|threshold
IDL,state_analysis,"[IDL] Insight: IDL recruits who were from MS saw an average elite rate (>=80) of 0.0%, which is 100.0% lower than the position average.",elite|ge_80|idl|ms|state|state_analysis|threshold
IDL,state_analysis,"[IDL] Insight: IDL recruits who were from MD saw an average elite rate (>=80) of 0.0%, which is 100.0% lower than the position average.",elite|ge_80|idl|md|state|state_analysis|threshold
LB,biometric_threshold,"[LB] Insight: LB recruits who were above weight_lbs 230 saw an average elite rate (>=80) of 3.1%, which is 114.0% higher than the position average.",230|above|biometric_threshold|elite|ge_80|lb|threshold|weight_lbs
LB,biometric_threshold,"[LB] Insight: LB recruits who were above weight_lbs 230 saw an average multi-year starter rate (>=50) of 59.4%, which is 24.5% higher than the position average.",230|above|biometric_threshold|ge_50|lb|multi-year_starter|threshold|weight_lbs
LB,biometric_threshold,"[LB] Insight: LB recruits who were at or below height_inches 73 saw an average elite rate (>=80) of 1.2%, which is 15.3% lower than the position average.",73|at_or_below|biometric_threshold|elite|ge_80|height_inches|lb|threshold
LB,prestige_lift,"[LB] Insight: LB recruits who had flag_all_american_bowl saw an average elite rate (>=80) of 6.7%, which is 356.6% higher than the position average.",elite|flag_all_american_bowl|ge_80|has_flag|lb|prestige_lift|threshold
LB,prestige_lift,"[LB] Insight: LB recruits who had flag_all_american_bowl saw an average multi-year starter rate (>=50) of 73.3%, which is 53.8% higher than the position average.",flag_all_american_bowl|ge_50|has_flag|lb|multi-year_starter|prestige_lift|threshold
LB,prestige_lift,"[LB] Insight: LB recruits who had flag_all_american_bowl saw an average career success score of 56.53, which is 41.6% higher than the position average.",flag_all_american_bowl|has_flag|lb|prestige_lift
LB,prestige_lift,"[LB] Insight: LB recruits who had flag_all_american_bowl saw an average contributor rate (>=20) of 93.3%, which is 25.7% higher than the position average.",contributor|flag_all_american_bowl|ge_20|has_flag|lb|prestige_lift|threshold
LB,skill_influence,"[LB] Insight: LB recruits who had skill_Pursuit ratings of 9 or 10 saw an average elite rate (>=80) of 9.7%, which is 562.8% higher than the position average.",elite|ge_80|lb|rating_9_or_10|skill_influence|skill_pursuit|threshold
LB,skill_influence,"[LB] Insight: LB recruits who had skill_Striking Ability ratings of 9 or 10 saw an average elite rate (>=80) of 2.8%, which is 93.4% higher than the position average.",elite|ge_80|lb|rating_9_or_10|skill_influence|skill_striking_ability|threshold
LB,skill_influence,"[LB] Insight: LB recruits who had skill_Pursuit ratings of 9 or 10 saw an average multi-year starter rate (>=50) of 77.4%, which is 62.4% higher than the position average.",ge_50|lb|multi-year_starter|rating_9_or_10|skill_influence|skill_pursuit|threshold
LB,skill_influence,"[LB] Insight: LB recruits who had skill_Pursuit ratings of 9 or 10 saw an average career success score of 63.02, which is 57.8% higher than the position average.",lb|rating_9_or_10|skill_influence|skill_pursuit
LB,skill_influence,"[LB] Insight: LB recruits who had skill_Striking Ability ratings of 9 or 10 saw an average multi-year starter rate (>=50) of 64.7%, which is 35.7% higher than the position average.",ge_50|lb|multi-year_starter|rating_9_or_10|skill_influence|skill_striking_ability|threshold
LB,skill_influence,"[LB] Insight: LB recruits who had skill_Pursuit ratings of 9 or 10 saw an average contributor rate (>=20) of 96.8%, which is 30.3% higher than the position average.",contributor|ge_20|lb|rating_9_or_10|skill_influence|skill_pursuit|threshold
LB,skill_influence,"[LB] Insight: LB recruits who had skill_Striking Ability ratings of 9 or 10 saw an average career success score of 49.56, which is 24.1% higher than the position average.",lb|rating_9_or_10|skill_influence|skill_striking_ability
LB,skill_influence,"[LB] Insight: LB recruits who had skill_Striking Ability ratings of 9 or 10 saw an average contributor rate (>=20) of 86.1%, which is 16.0% higher than the position average.",contributor|ge_20|lb|rating_9_or_10|skill_influence|skill_striking_ability|threshold
LB,star_threshold,"[LB] Insight: LB recruits who were 5-star prospects saw an average elite rate (>=80) of 9.4%, which is 542.1% higher than the position average.",5-star|elite|ge_80|lb|star_threshold|threshold
LB,star_threshold,"[LB] Insight: LB recruits who were 4-star prospects saw an average elite rate (>=80) of 3.1%, which is 111.8% higher than the position average.",4-star|elite|ge_80|lb|star_threshold|threshold
LB,star_threshold,"[LB] Insight: LB recruits who were 5-star prospects saw an average multi-year starter rate (>=50) of 84.4%, which is 76.9% higher than the position average.",5-star|ge_50|lb|multi-year_starter|star_threshold|threshold
LB,star_threshold,"[LB] Insight: LB recruits who were 5-star prospects saw an average career success score of 63.83, which is 59.8% higher than the position average.",5-star|lb|star_threshold
LB,star_threshold,"[LB] Insight: LB recruits who were 4-star prospects saw an average multi-year starter rate (>=50) of 67.3%, which is 41.1% higher than the position average.",4-star|ge_50|lb|multi-year_starter|star_threshold|threshold
LB,star_threshold,"[LB] Insight: LB recruits who were 4-star prospects saw an average career success score of 52.33, which is 31.0% higher than the position average.",4-star|lb|star_threshold
LB,star_threshold,"[LB] Insight: LB recruits who were 5-star prospects saw an average contributor rate (>=20) of 96.9%, which is 30.5% higher than the position average.",5-star|contributor|ge_20|lb|star_threshold|threshold
LB,star_threshold,"[LB] Insight: LB recruits who were 4-star prospects saw an average contributor rate (>=20) of 90.2%, which is 21.5% higher than the position average.",4-star|contributor|ge_20|lb|star_threshold|threshold
LB,star_threshold,"[LB] Insight: LB recruits who were 2-star prospects saw an average career success score of 33.44, which is 16.3% lower than the position average.",2-star|lb|star_threshold
LB,star_threshold,"[LB] Insight: LB recruits who were 2-star prospects saw an average multi-year starter rate (>=50) of 39.2%, which is 17.8% lower than the position average.",2-star|ge_50|lb|multi-year_starter|star_threshold|threshold
LB,star_threshold,"[LB] Insight: LB recruits who were 3-star prospects saw an average elite rate (>=80) of 1.2%, which is 18.5% lower than the position average.",3-star|elite|ge_80|lb|star_threshold|threshold
LB,star_threshold,"[LB] Insight: LB recruits who were 2-star prospects saw an average elite rate (>=80) of 0.3%, which is 82.0% lower than the position average.",2-star|elite|ge_80|lb|star_threshold|threshold
LB,state_analysis,"[LB] Insight: LB recruits who were from OH saw an average elite rate (>=80) of 5.1%, which is 248.2% higher than the position average.",elite|ge_80|lb|oh|state|state_analysis|threshold
LB,state_analysis,"[LB] Insight: LB recruits who were from LA saw an average elite rate (>=80) of 2.6%, which is 80.2% higher than the position average.",elite|ge_80|la|lb|state|state_analysis|threshold
LB,state_analysis,"[LB] Insight: LB recruits who were from MI saw an average career success score of 33.42, which is 16.3% lower than the position average.",lb|mi|state|state_analysis
LB,state_analysis,"[LB] Insight: LB recruits who were from MI saw an average multi-year starter rate (>=50) of 39.1%, which is 17.9% lower than the position average.",ge_50|lb|mi|multi-year_starter|state|state_analysis|threshold
LB,state_analysis,"[LB] Insight: LB recruits who were from MI saw an average contributor rate (>=20) of 60.9%, which is 18.0% lower than the position average.",contributor|ge_20|lb|mi|state|state_analysis|threshold
LB,state_analysis,"[LB] Insight: LB recruits who were from AL saw an average elite rate (>=80) of 1.0%, which is 32.2% lower than the position average.",al|elite|ge_80|lb|state|state_analysis|threshold
LB,state_analysis,"[LB] Insight: LB recruits who were from CA saw an average elite rate (>=80) of 0.5%, which is 67.5% lower than the position average.",ca|elite|ge_80|lb|state|state_analysis|threshold
LB,state_analysis,"[LB] Insight: LB recruits who were from MI saw an average elite rate (>=80) of 0.0%, which is 100.0% lower than the position average.",elite|ge_80|lb|mi|state|state_analysis|threshold
LB,state_analysis,"[LB] Insight: LB recruits who were from TN saw an average elite rate (>=80) of 0.0%, which is 100.0% lower than the position average.",elite|ge_80|lb|state|state_analysis|threshold|tn
LB,state_analysis,"[LB] Insight: LB recruits who were from VA saw an average elite rate (>=80) of 0.0%, which is 100.0% lower than the position average.",elite|ge_80|lb|state|state_analysis|threshold|va
OL,biometric_threshold,"[OL] Insight: OL recruits who were above weight_lbs 310 saw an average elite rate (>=80) of 2.4%, which is 68.3% higher than the position average.",310|above|biometric_threshold|elite|ge_80|ol|threshold|weight_lbs
OL,biometric_threshold,"[OL] Insight: OL recruits who were above height_inches 77 saw an average elite rate (>=80) of 1.8%, which is 28.5% higher than the position average.",77|above|biometric_threshold|elite|ge_80|height_inches|ol|threshold
OL,prestige_lift,"[OL] Insight: OL recruits who had flag_all_american_bowl saw an average elite rate (>=80) of 6.7%, which is 366.7% higher than the position average.",elite|flag_all_american_bowl|ge_80|has_flag|ol|prestige_lift|threshold
OL,prestige_lift,"[OL] Insight: OL recruits who had flag_all_america_game saw an average elite rate (>=80) of 5.0%, which is 250.0% higher than the position average.",elite|flag_all_america_game|ge_80|has_flag|ol|prestige_lift|threshold
OL,prestige_lift,"[OL] Insight: OL recruits who had flag_all_american_bowl saw an average multi-year starter rate (>=50) of 80.0%, which is 93.0% higher than the position average.",flag_all_american_bowl|ge_50|has_flag|multi-year_starter|ol|prestige_lift|threshold
OL,prestige_lift,"[OL] Insight: OL recruits who had flag_all_america_game saw an average multi-year starter rate (>=50) of 80.0%, which is 93.0% higher than the position average.",flag_all_america_game|ge_50|has_flag|multi-year_starter|ol|prestige_lift|threshold
OL,prestige_lift,"[OL] Insight: OL recruits who had flag_all_american_bowl saw an average career success score of 56.33, which is 60.7% higher than the position average.",flag_all_american_bowl|has_flag|ol|prestige_lift
OL,prestige_lift,"[OL] Insight: OL recruits who had flag_all_america_game saw an average career success score of 55.02, which is 57.0% higher than the position average.",flag_all_america_game|has_flag|ol|prestige_lift
OL,prestige_lift,"[OL] Insight: OL recruits who had flag_all_american_bowl saw an average contributor rate (>=20) of 88.9%, which is 41.4% higher than the position average.",contributor|flag_all_american_bowl|ge_20|has_flag|ol|prestige_lift|threshold
OL,prestige_lift,"[OL] Insight: OL recruits who had flag_all_america_game saw an average contributor rate (>=20) of 87.5%, which is 39.2% higher than the position average.",contributor|flag_all_america_game|ge_20|has_flag|ol|prestige_lift|threshold
OL,skill_influence,"[OL] Insight: OL recruits who had skill_Feet ratings of 9 or 10 saw an average elite rate (>=80) of 9.6%, which is 570.2% higher than the position average.",elite|ge_80|ol|rating_9_or_10|skill_feet|skill_influence|threshold
OL,skill_influence,"[OL] Insight: OL recruits who had skill_Body Quickness ratings of 9 or 10 saw an average elite rate (>=80) of 5.9%, which is 311.8% higher than the position average.",elite|ge_80|ol|rating_9_or_10|skill_body_quickness|skill_influence|threshold
OL,skill_influence,"[OL] Insight: OL recruits who had skill_Feet ratings of 9 or 10 saw an average multi-year starter rate (>=50) of 77.7%, which is 87.3% higher than the position average.",ge_50|multi-year_starter|ol|rating_9_or_10|skill_feet|skill_influence|threshold
OL,skill_influence,"[OL] Insight: OL recruits who had skill_Body Quickness ratings of 9 or 10 saw an average multi-year starter rate (>=50) of 71.8%, which is 73.1% higher than the position average.",ge_50|multi-year_starter|ol|rating_9_or_10|skill_body_quickness|skill_influence|threshold
OL,skill_influence,"[OL] Insight: OL recruits who had skill_Feet ratings of 9 or 10 saw an average career success score of 57.57, which is 64.2% higher than the position average.",ol|rating_9_or_10|skill_feet|skill_influence
OL,skill_influence,"[OL] Insight: OL recruits who had skill_Body Quickness ratings of 9 or 10 saw an average career success score of 52.76, which is 50.5% higher than the position average.",ol|rating_9_or_10|skill_body_quickness|skill_influence
OL,skill_influence,"[OL] Insight: OL recruits who had skill_Feet ratings of 9 or 10 saw an average contributor rate (>=20) of 88.3%, which is 40.4% higher than the position average.",contributor|ge_20|ol|rating_9_or_10|skill_feet|skill_influence|threshold
OL,skill_influence,"[OL] Insight: OL recruits who had skill_Body Quickness ratings of 9 or 10 saw an average contributor rate (>=20) of 83.5%, which is 32.8% higher than the position average.",contributor|ge_20|ol|rating_9_or_10|skill_body_quickness|skill_influence|threshold
OL,star_threshold,"[OL] Insight: OL recruits who were 5-star prospects saw an average elite rate (>=80) of 11.8%, which is 723.5% higher than the position average.",5-star|elite|ge_80|ol|star_threshold|threshold
OL,star_threshold,"[OL] Insight: OL recruits who were 4-star prospects saw an average elite rate (>=80) of 3.7%, which is 156.5% higher than the position average.",4-star|elite|ge_80|ol|star_threshold|threshold
OL,star_threshold,"[OL] Insight: OL recruits who were 5-star prospects saw an average multi-year starter rate (>=50) of 88.2%, which is 112.9% higher than the position average.",5-star|ge_50|multi-year_starter|ol|star_threshold|threshold
OL,star_threshold,"[OL] Insight: OL recruits who were 5-star prospects saw an average career success score of 61.42, which is 75.2% higher than the position average.",5-star|ol|star_threshold
OL,star_threshold,"[OL] Insight: OL recruits who were 5-star prospects saw an average contributor rate (>=20) of 94.1%, which is 49.7% higher than the position average.",5-star|contributor|ge_20|ol|star_threshold|threshold
OL,star_threshold,"[OL] Insight: OL recruits who were 4-star prospects saw an average multi-year starter rate (>=50) of 59.7%, which is 44.0% higher than the position average.",4-star|ge_50|multi-year_starter|ol|star_threshold|threshold
OL,star_threshold,"[OL] Insight: OL recruits who were 4-star prospects saw an average career success score of 46.70, which is 33.2% higher than the position average.",4-star|ol|star_threshold
OL,star_threshold,"[OL] Insight: OL recruits who were 4-star prospects saw an average contributor rate (>=20) of 78.4%, which is 24.6% higher than the position average.",4-star|contributor|ge_20|ol|star_threshold|threshold
OL,star_threshold,"[OL] Insight: OL recruits who were 3-star prospects saw an average elite rate (>=80) of 1.1%, which is 26.3% lower than the position average.",3-star|elite|ge_80|ol|star_threshold|threshold
OL,star_threshold,"[OL] Insight: OL recruits who were 2-star prospects saw an average elite rate (>=80) of 0.3%, which is 78.6% lower than the position average.",2-star|elite|ge_80|ol|star_threshold|threshold
OL,state_analysis,"[OL] Insight: OL recruits who were from IL saw an average elite rate (>=80) of 3.7%, which is 161.2% higher than the position average.",elite|ge_80|il|ol|state|state_analysis|threshold
OL,state_analysis,"[OL] Insight: OL recruits who were from TN saw an average elite rate (>=80) of 2.9%, which is 105.9% higher than the position average.",elite|ge_80|ol|state|state_analysis|threshold|tn
OL,state_analysis,"[OL] Insight: OL recruits who were from GA saw an average elite rate (>=80) of 2.3%, which is 61.2% higher than the position average.",elite|ga|ge_80|ol|state|state_analysis|threshold
OL,state_analysis,"[OL] Insight: OL recruits who were from OH saw an average elite rate (>=80) of 2.1%, which is 46.4% higher than the position average.",elite|ge_80|oh|ol|state|state_analysis|threshold
OL,state_analysis,"[OL] Insight: OL recruits who were from NC saw an average elite rate (>=80) of 1.9%, which is 29.6% higher than the position average.",elite|ge_80|nc|ol|state|state_analysis|threshold
OL,state_analysis,"[OL] Insight: OL recruits who were from IL saw an average multi-year starter rate (>=50) of 47.8%, which is 15.2% higher than the position average.",ge_50|il|multi-year_starter|ol|state|state_analysis|threshold
OL,state_analysis,"[OL] Insight: OL recruits who were from TN saw an average multi-year starter rate (>=50) of 33.3%, which is 19.6% lower than the position average.",ge_50|multi-year_starter|ol|state|state_analysis|threshold|tn
OL,state_analysis,"[OL] Insight: OL recruits who were from IN saw an average elite rate (>=80) of 1.1%, which is 26.3% lower than the position average.",elite|ge_80|in|ol|state|state_analysis|threshold
OL,state_analysis,"[OL] Insight: OL recruits who were from PA saw an average elite rate (>=80) of 0.9%, which is 35.2% lower than the position average.",elite|ge_80|ol|pa|state|state_analysis|threshold
OL,state_analysis,"[OL] Insight: OL recruits who were from MI saw an average elite rate (>=80) of 0.8%, which is 44.4% lower than the position average.",elite|ge_80|mi|ol|state|state_analysis|threshold
OL,state_analysis,"[OL] Insight: OL recruits who were from CA saw an average elite rate (>=80) of 0.6%, which is 55.3% lower than the position average.",ca|elite|ge_80|ol|state|state_analysis|threshold
OL,state_analysis,"[OL] Insight: OL recruits who were from AL saw an average elite rate (>=80) of 0.0%, which is 100.0% lower than the position average.",al|elite|ge_80|ol|state|state_analysis|threshold
QB,biometric_threshold,"[QB] Insight: QB recruits who were above weight_lbs 220 saw an average multi-year starter rate (>=50) of 41.2%, which is 19.3% higher than the position average.",220|above|biometric_threshold|ge_50|multi-year_starter|qb|threshold|weight_lbs
QB,biometric_threshold,"[QB] Insight: QB recruits who were above weight_lbs 220 saw an average elite rate (>=80) of 1.2%, which is 36.9% lower than the position average.",220|above|biometric_threshold|elite|ge_80|qb|threshold|weight_lbs
QB,skill_influence,"[QB] Insight: QB recruits who had skill_Footwork ratings of 9 or 10 saw an average elite rate (>=80) of 8.6%, which is 332.9% higher than the position average.",elite|ge_80|qb|rating_9_or_10|skill_footwork|skill_influence|threshold
QB,skill_influence,"[QB] Insight: QB recruits who had skill_Elusiveness ratings of 9 or 10 saw an average elite rate (>=80) of 7.7%, which is 288.5% higher than the position average.",elite|ge_80|qb|rating_9_or_10|skill_elusiveness|skill_influence|threshold
QB,skill_influence,"[QB] Insight: QB recruits who had skill_Footwork ratings of 9 or 10 saw an average multi-year starter rate (>=50) of 80.0%, which is 131.3% higher than the position average.",ge_50|multi-year_starter|qb|rating_9_or_10|skill_footwork|skill_influence|threshold
QB,skill_influence,"[QB] Insight: QB recruits who had skill_Elusiveness ratings of 9 or 10 saw an average multi-year starter rate (>=50) of 75.0%, which is 116.9% higher than the position average.",ge_50|multi-year_starter|qb|rating_9_or_10|skill_elusiveness|skill_influence|threshold
QB,skill_influence,"[QB] Insight: QB recruits who had skill_Footwork ratings of 9 or 10 saw an average career success score of 62.55, which is 91.0% higher than the position average.",qb|rating_9_or_10|skill_footwork|skill_influence
QB,skill_influence,"[QB] Insight: QB recruits who had skill_Elusiveness ratings of 9 or 10 saw an average career success score of 59.91, which is 83.0% higher than the position average.",qb|rating_9_or_10|skill_elusiveness|skill_influence
QB,skill_influence,"[QB] Insight: QB recruits who had skill_Footwork ratings of 9 or 10 saw an average contributor rate (>=20) of 91.4%, which is 49.1% higher than the position average.",contributor|ge_20|qb|rating_9_or_10|skill_footwork|skill_influence|threshold
QB,skill_influence,"[QB] Insight: QB recruits who had skill_Elusiveness ratings of 9 or 10 saw an average contributor rate (>=20) of 90.4%, which is 47.4% higher than the position average.",contributor|ge_20|qb|rating_9_or_10|skill_elusiveness|skill_influence|threshold
QB,star_threshold,"[QB] Insight: QB recruits who were 5-star prospects saw an average elite rate (>=80) of 8.3%, which is 320.8% higher than the position average.",5-star|elite|ge_80|qb|star_threshold|threshold
QB,star_threshold,"[QB] Insight: QB recruits who were 4-star prospects saw an average elite rate (>=80) of 5.5%, which is 177.3% higher than the position average.",4-star|elite|ge_80|qb|star_threshold|threshold
QB,star_threshold,"[QB] Insight: QB recruits who were 5-star prospects saw an average multi-year starter rate (>=50) of 83.3%, which is 141.0% higher than the position average.",5-star|ge_50|multi-year_starter|qb|star_threshold|threshold
QB,star_threshold,"[QB] Insight: QB recruits who were 5-star prospects saw an average career success score of 63.22, which is 93.1% higher than the position average.",5-star|qb|star_threshold
QB,star_threshold,"[QB] Insight: QB recruits who were 4-star prospects saw an average multi-year starter rate (>=50) of 61.6%, which is 78.0% higher than the position average.",4-star|ge_50|multi-year_starter|qb|star_threshold|threshold
QB,star_threshold,"[QB] Insight: QB recruits who were 4-star prospects saw an average career success score of 50.42, which is 54.0% higher than the position average.",4-star|qb|star_threshold
QB,star_threshold,"[QB] Insight: QB recruits who were 5-star prospects saw an average contributor rate (>=20) of 91.7%, which is 49.5% higher than the position average.",5-star|contributor|ge_20|qb|star_threshold|threshold
QB,star_threshold,"[QB] Insight: QB recruits who were 4-star prospects saw an average contributor rate (>=20) of 85.5%, which is 39.4% higher than the position average.",4-star|contributor|ge_20|qb|star_threshold|threshold
QB,star_threshold,"[QB] Insight: QB recruits who were 3-star prospects saw an average multi-year starter rate (>=50) of 28.6%, which is 17.3% lower than the position average.",3-star|ge_50|multi-year_starter|qb|star_threshold|threshold
QB,star_threshold,"[QB] Insight: QB recruits who were 2-star prospects saw an average contributor rate (>=20) of 43.5%, which is 29.1% lower than the position average.",2-star|contributor|ge_20|qb|star_threshold|threshold
QB,star_threshold,"[QB] Insight: QB recruits who were 2-star prospects saw an average career success score of 20.93, which is 36.1% lower than the position average.",2-star|qb|star_threshold
QB,star_threshold,"[QB] Insight: QB recruits who were 3-star prospects saw an average elite rate (>=80) of 1.0%, which is 47.1% lower than the position average.",3-star|elite|ge_80|qb|star_threshold|threshold
QB,star_threshold,"[QB] Insight: QB recruits who were 2-star prospects saw an average multi-year starter rate (>=50) of 17.3%, which is 50.1% lower than the position average.",2-star|ge_50|multi-year_starter|qb|star_threshold|threshold
QB,star_threshold,"[QB] Insight: QB recruits who were 2-star prospects saw an average elite rate (>=80) of 0.6%, which is 69.9% lower than the position average.",2-star|elite|ge_80|qb|star_threshold|threshold
QB,state_analysis,"[QB] Insight: QB recruits who were from OH saw an average elite rate (>=80) of 3.6%, which is 80.4% higher than the position average.",elite|ge_80|oh|qb|state|state_analysis|threshold
QB,state_analysis,"[QB] Insight: QB recruits who were from FL saw an average elite rate (>=80) of 2.9%, which is 45.3% higher than the position average.",elite|fl|ge_80|qb|state|state_analysis|threshold
QB,state_analysis,"[QB] Insight: QB recruits who were from IL saw an average elite rate (>=80) of 2.9%, which is 44.3% higher than the position average.",elite|ge_80|il|qb|state|state_analysis|threshold
QB,state_analysis,"[QB] Insight: QB recruits who were from CA saw an average elite rate (>=80) of 2.8%, which is 40.3% higher than the position average.",ca|elite|ge_80|qb|state|state_analysis|threshold
QB,state_analysis,"[QB] Insight: QB recruits who were from AZ saw an average elite rate (>=80) of 2.6%, which is 29.5% higher than the position average.",az|elite|ge_80|qb|state|state_analysis|threshold
QB,state_analysis,"[QB] Insight: QB recruits who were from AZ saw an average multi-year starter rate (>=50) of 43.6%, which is 26.0% higher than the position average.",az|ge_50|multi-year_starter|qb|state|state_analysis|threshold
QB,state_analysis,"[QB] Insight: QB recruits who were from AZ saw an average career success score of 38.91, which is 18.8% higher than the position average.",az|qb|state|state_analysis
QB,state_analysis,"[QB] Insight: QB recruits who were from GA saw an average elite rate (>=80) of 1.7%, which is 15.8% lower than the position average.",elite|ga|ge_80|qb|state|state_analysis|threshold
QB,state_analysis,"[QB] Insight: QB recruits who were from MI saw an average career success score of 27.12, which is 17.2% lower than the position average.",mi|qb|state|state_analysis
QB,state_analysis,"[QB] Insight: QB recruits who were from IL saw an average multi-year starter rate (>=50) of 28.6%, which is 17.4% lower than the position average.",ge_50|il|multi-year_starter|qb|state|state_analysis|threshold
QB,state_analysis,"[QB] Insight: QB recruits who were from LA saw an average career success score of 26.77, which is 18.2% lower than the position average.",la|qb|state|state_analysis
QB,state_analysis,"[QB] Insight: QB recruits who were from TN saw an average contributor rate (>=20) of 48.5%, which is 20.9% lower than the position average.",contributor|ge_20|qb|state|state_analysis|threshold|tn
QB,state_analysis,"[QB] Insight: QB recruits who were from LA saw an average multi-year starter rate (>=50) of 26.8%, which is 22.4% lower than the position average.",ge_50|la|multi-year_starter|qb|state|state_analysis|threshold
QB,state_analysis,"[QB] Insight: QB recruits who were from TN saw an average career success score of 23.10, which is 29.4% lower than the position average.",qb|state|state_analysis|tn
QB,state_analysis,"[QB] Insight: QB recruits who were from MI saw an average multi-year starter rate (>=50) of 24.3%, which is 29.7% lower than the position average.",ge_50|mi|multi-year_starter|qb|state|state_analysis|threshold
QB,state_analysis,"[QB] Insight: QB recruits who were from TN saw an average multi-year starter rate (>=50) of 18.2%, which is 47.4% lower than the position average.",ge_50|multi-year_starter|qb|state|state_analysis|threshold|tn
QB,state_analysis,"[QB] Insight: QB recruits who were from NC saw an average elite rate (>=80) of 0.0%, which is 100.0% lower than the position average.",elite|ge_80|nc|qb|state|state_analysis|threshold
QB,state_analysis,"[QB] Insight: QB recruits who were from LA saw an average elite rate (>=80) of 0.0%, which is 100.0% lower than the position average.",elite|ge_80|la|qb|state|state_analysis|threshold
QB,state_analysis,"[QB] Insight: QB recruits who were from MI saw an average elite rate (>=80) of 0.0%, which is 100.0% lower than the position average.",elite|ge_80|mi|qb|state|state_analysis|threshold
QB,state_analysis,"[QB] Insight: QB recruits who were from TN saw an average elite rate (>=80) of 0.0%, which is 100.0% lower than the position average.",elite|ge_80|qb|state|state_analysis|threshold|tn
RB,biometric_threshold,"[RB] Insight: RB recruits who were above weight_lbs 205 saw an average elite rate (>=80) of 3.6%, which is 50.6% higher than the position average.",205|above|biometric_threshold|elite|ge_80|rb|threshold|weight_lbs
RB,skill_influence,"[RB] Insight: RB recruits who had skill_Explosiveness ratings of 9 or 10 saw an average elite rate (>=80) of 15.6%, which is 558.2% higher than the position average.",elite|ge_80|rating_9_or_10|rb|skill_explosiveness|skill_influence|threshold
RB,skill_influence,"[RB] Insight: RB recruits who had skill_Explosiveness ratings of 9 or 10 saw an average multi-year starter rate (>=50) of 91.1%, which is 76.5% higher than the position average.",ge_50|multi-year_starter|rating_9_or_10|rb|skill_explosiveness|skill_influence|threshold
RB,skill_influence,"[RB] Insight: RB recruits who had skill_Explosiveness ratings of 9 or 10 saw an average career success score of 64.67, which is 49.2% higher than the position average.",rating_9_or_10|rb|skill_explosiveness|skill_influence
RB,skill_influence,"[RB] Insight: RB recruits who had skill_Explosiveness ratings of 9 or 10 saw an average contributor rate (>=20) of 95.6%, which is 22.0% higher than the position average.",contributor|ge_20|rating_9_or_10|rb|skill_explosiveness|skill_influence|threshold
RB,star_threshold,"[RB] Insight: RB recruits who were 4-star prospects saw an average elite rate (>=80) of 5.7%, which is 143.0% higher than the position average.",4-star|elite|ge_80|rb|star_threshold|threshold
RB,star_threshold,"[RB] Insight: RB recruits who were 4-star prospects saw an average multi-year starter rate (>=50) of 78.0%, which is 51.2% higher than the position average.",4-star|ge_50|multi-year_starter|rb|star_threshold|threshold
RB,star_threshold,"[RB] Insight: RB recruits who were 4-star prospects saw an average career success score of 55.71, which is 28.6% higher than the position average.",4-star|rb|star_threshold
RB,star_threshold,"[RB] Insight: RB recruits who were 4-star prospects saw an average contributor rate (>=20) of 90.2%, which is 15.2% higher than the position average.",4-star|contributor|ge_20|rb|star_threshold|threshold
RB,star_threshold,"[RB] Insight: RB recruits who were 2-star prospects saw an average contributor rate (>=20) of 62.5%, which is 20.2% lower than the position average.",2-star|contributor|ge_20|rb|star_threshold|threshold
RB,star_threshold,"[RB] Insight: RB recruits who were 2-star prospects saw an average career success score of 32.44, which is 25.1% lower than the position average.",2-star|rb|star_threshold
RB,star_threshold,"[RB] Insight: RB recruits who were 2-star prospects saw an average multi-year starter rate (>=50) of 33.6%, which is 34.9% lower than the position average.",2-star|ge_50|multi-year_starter|rb|star_threshold|threshold
RB,star_threshold,"[RB] Insight: RB recruits who were 3-star prospects saw an average elite rate (>=80) of 1.4%, which is 39.8% lower than the position average.",3-star|elite|ge_80|rb|star_threshold|threshold
RB,star_threshold,"[RB] Insight: RB recruits who were 2-star prospects saw an average elite rate (>=80) of 0.4%, which is 81.8% lower than the position average.",2-star|elite|ge_80|rb|star_threshold|threshold
RB,state_analysis,"[RB] Insight: RB recruits who were from PA saw an average elite rate (>=80) of 8.1%, which is 243.1% higher than the position average.",elite|ge_80|pa|rb|state|state_analysis|threshold
RB,state_analysis,"[RB] Insight: RB recruits who were from TN saw an average elite rate (>=80) of 3.8%, which is 62.8% higher than the position average.",elite|ge_80|rb|state|state_analysis|threshold|tn
RB,state_analysis,"[RB] Insight: RB recruits who were from NC saw an average elite rate (>=80) of 3.7%, which is 56.7% higher than the position average.",elite|ge_80|nc|rb|state|state_analysis|threshold
RB,state_analysis,"[RB] Insight: RB recruits who were from MS saw an average multi-year starter rate (>=50) of 69.4%, which is 34.5% higher than the position average.",ge_50|ms|multi-year_starter|rb|state|state_analysis|threshold
RB,state_analysis,"[RB] Insight: RB recruits who were from TX saw an average elite rate (>=80) of 3.1%, which is 29.2% higher than the position average.",elite|ge_80|rb|state|state_analysis|threshold|tx
RB,state_analysis,"[RB] Insight: RB recruits who were from NC saw an average multi-year starter rate (>=50) of 64.8%, which is 25.6% higher than the position average.",ge_50|multi-year_starter|nc|rb|state|state_analysis|threshold
RB,state_analysis,"[RB] Insight: RB recruits who were from VA saw an average contributor rate (>=20) of 92.3%, which is 17.9% higher than the position average.",contributor|ge_20|rb|state|state_analysis|threshold|va
RB,state_analysis,"[RB] Insight: RB recruits who were from LA saw an average elite rate (>=80) of 2.8%, which is 17.5% higher than the position average.",elite|ge_80|la|rb|state|state_analysis|threshold
RB,state_analysis,"[RB] Insight: RB recruits who were from MS saw an average elite rate (>=80) of 2.8%, which is 17.5% higher than the position average.",elite|ge_80|ms|rb|state|state_analysis|threshold
RB,state_analysis,"[RB] Insight: RB recruits who were from MS saw an average career success score of 50.61, which is 16.8% higher than the position average.",ms|rb|state|state_analysis
RB,state_analysis,"[RB] Insight: RB recruits who were from LA saw an average multi-year starter rate (>=50) of 43.1%, which is 16.6% lower than the position average.",ge_50|la|multi-year_starter|rb|state|state_analysis|threshold
RB,state_analysis,"[RB] Insight: RB recruits who were from OH saw an average elite rate (>=80) of 1.5%, which is 37.8% lower than the position average.",elite|ge_80|oh|rb|state|state_analysis|threshold
RB,state_analysis,"[RB] Insight: RB recruits who were from AL saw an average elite rate (>=80) of 1.4%, which is 39.5% lower than the position average.",al|elite|ge_80|rb|state|state_analysis|threshold
RB,state_analysis,"[RB] Insight: RB recruits who were from GA saw an average elite rate (>=80) of 0.7%, which is 69.3% lower than the position average.",elite|ga|ge_80|rb|state|state_analysis|threshold
RB,state_analysis,"[RB] Insight: RB recruits who were from FL saw an average elite rate (>=80) of 0.4%, which is 82.4% lower than the position average.",elite|fl|ge_80|rb|state|state_analysis|threshold
SPEC,biometric_threshold,"[SPEC] Insight: SPEC recruits who were at or below weight_lbs 190 saw an average elite rate (>=80) of 5.2%, which is 47.7% higher than the position average.",190|at_or_below|biometric_threshold|elite|ge_80|spec|threshold|weight_lbs
SPEC,biometric_threshold,"[SPEC] Insight: SPEC recruits who were at or below height_inches 72 saw an average elite rate (>=80) of 4.2%, which is 19.2% higher than the position average.",72|at_or_below|biometric_threshold|elite|ge_80|height_inches|spec|threshold
SPEC,biometric_threshold,"[SPEC] Insight: SPEC recruits who were above weight_lbs 190 saw an average elite rate (>=80) of 1.3%, which is 63.1% lower than the position average.",190|above|biometric_threshold|elite|ge_80|spec|threshold|weight_lbs
SPEC,star_threshold,"[SPEC] Insight: SPEC recruits who were 3-star prospects saw an average elite rate (>=80) of 6.2%, which is 77.0% higher than the position average.",3-star|elite|ge_80|spec|star_threshold|threshold
SPEC,star_threshold,"[SPEC] Insight: SPEC recruits who were 2-star prospects saw an average multi-year starter rate (>=50) of 47.3%, which is 17.0% lower than the position average.",2-star|ge_50|multi-year_starter|spec|star_threshold|threshold
SPEC,star_threshold,"[SPEC] Insight: SPEC recruits who were 2-star prospects saw an average elite rate (>=80) of 0.4%, which is 89.2% lower than the position average.",2-star|elite|ge_80|spec|star_threshold|threshold
SPEC,state_analysis,"[SPEC] Insight: SPEC recruits who were from FL saw an average elite rate (>=80) of 7.9%, which is 125.0% higher than the position average.",elite|fl|ge_80|spec|state|state_analysis|threshold
SPEC,state_analysis,"[SPEC] Insight: SPEC recruits who were from AUST saw an average multi-year starter rate (>=50) of 75.5%, which is 32.4% higher than the position average.",aust|ge_50|multi-year_starter|spec|state|state_analysis|threshold
SPEC,state_analysis,"[SPEC] Insight: SPEC recruits who were from CA saw an average elite rate (>=80) of 4.3%, which is 21.3% higher than the position average.",ca|elite|ge_80|spec|state|state_analysis|threshold
SPEC,state_analysis,"[SPEC] Insight: SPEC recruits who were from AUST saw an average contributor rate (>=20) of 92.5%, which is 19.5% higher than the position average.",aust|contributor|ge_20|spec|state|state_analysis|threshold
SPEC,state_analysis,"[SPEC] Insight: SPEC recruits who were from GA saw an average elite rate (>=80) of 2.7%, which is 23.0% lower than the position average.",elite|ga|ge_80|spec|state|state_analysis|threshold
SPEC,state_analysis,"[SPEC] Insight: SPEC recruits who were from AUST saw an average elite rate (>=80) of 0.0%, which is 100.0% lower than the position average.",aust|elite|ge_80|spec|state|state_analysis|threshold
TE,biometric_threshold,"[TE] Insight: TE recruits who were above height_inches 76 saw an average elite rate (>=80) of 2.5%, which is 27.3% higher than the position average.",76|above|biometric_threshold|elite|ge_80|height_inches|te|threshold
TE,biometric_threshold,"[TE] Insight: TE recruits who were above weight_lbs 240 saw an average elite rate (>=80) of 1.4%, which is 26.0% lower than the position average.",240|above|biometric_threshold|elite|ge_80|te|threshold|weight_lbs
TE,biometric_threshold,"[TE] Insight: TE recruits who were at or below height_inches 76 saw an average elite rate (>=80) of 1.4%, which is 28.7% lower than the position average.",76|at_or_below|biometric_threshold|elite|ge_80|height_inches|te|threshold
TE,skill_influence,"[TE] Insight: TE recruits who had skill_Size ratings of 9 or 10 saw an average elite rate (>=80) of 2.9%, which is 52.3% higher than the position average.",elite|ge_80|rating_9_or_10|skill_influence|skill_size|te|threshold
TE,skill_influence,"[TE] Insight: TE recruits who had skill_Size ratings of 9 or 10 saw an average multi-year starter rate (>=50) of 70.6%, which is 51.5% higher than the position average.",ge_50|multi-year_starter|rating_9_or_10|skill_influence|skill_size|te|threshold
TE,skill_influence,"[TE] Insight: TE recruits who had skill_Size ratings of 9 or 10 saw an average career success score of 56.59, which is 48.5% higher than the position average.",rating_9_or_10|skill_influence|skill_size|te
TE,skill_influence,"[TE] Insight: TE recruits who had skill_Size ratings of 9 or 10 saw an average contributor rate (>=20) of 91.2%, which is 31.8% higher than the position average.",contributor|ge_20|rating_9_or_10|skill_influence|skill_size|te|threshold
TE,star_threshold,"[TE] Insight: TE recruits who were 4-star prospects saw an average elite rate (>=80) of 5.4%, which is 178.4% higher than the position average.",4-star|elite|ge_80|star_threshold|te|threshold
TE,star_threshold,"[TE] Insight: TE recruits who were 4-star prospects saw an average multi-year starter rate (>=50) of 69.4%, which is 48.8% higher than the position average.",4-star|ge_50|multi-year_starter|star_threshold|te|threshold
TE,star_threshold,"[TE] Insight: TE recruits who were 4-star prospects saw an average career success score of 51.88, which is 36.2% higher than the position average.",4-star|star_threshold|te
TE,star_threshold,"[TE] Insight: TE recruits who were 4-star prospects saw an average contributor rate (>=20) of 85.5%, which is 23.6% higher than the position average.",4-star|contributor|ge_20|star_threshold|te|threshold
TE,star_threshold,"[TE] Insight: TE recruits who were 2-star prospects saw an average multi-year starter rate (>=50) of 39.4%, which is 15.4% lower than the position average.",2-star|ge_50|multi-year_starter|star_threshold|te|threshold
TE,star_threshold,"[TE] Insight: TE recruits who were 2-star prospects saw an average career success score of 31.63, which is 17.0% lower than the position average.",2-star|star_threshold|te
TE,star_threshold,"[TE] Insight: TE recruits who were 3-star prospects saw an average elite rate (>=80) of 1.4%, which is 25.3% lower than the position average.",3-star|elite|ge_80|star_threshold|te|threshold
TE,star_threshold,"[TE] Insight: TE recruits who were 2-star prospects saw an average elite rate (>=80) of 0.6%, which is 69.5% lower than the position average.",2-star|elite|ge_80|star_threshold|te|threshold
TE,state_analysis,"[TE] Insight: TE recruits who were from TN saw an average elite rate (>=80) of 5.9%, which is 204.6% higher than the position average.",elite|ge_80|state|state_analysis|te|threshold|tn
TE,state_analysis,"[TE] Insight: TE recruits who were from IN saw an average elite rate (>=80) of 2.9%, which is 48.0% higher than the position average.",elite|ge_80|in|state|state_analysis|te|threshold
TE,state_analysis,"[TE] Insight: TE recruits who were from AL saw an average multi-year starter rate (>=50) of 56.7%, which is 21.6% higher than the position average.",al|ge_50|multi-year_starter|state|state_analysis|te|threshold
TE,state_analysis,"[TE] Insight: TE recruits who were from IL saw an average elite rate (>=80) of 2.2%, which is 15.1% higher than the position average.",elite|ge_80|il|state|state_analysis|te|threshold
TE,state_analysis,"[TE] Insight: TE recruits who were from MI saw an average contributor rate (>=20) of 58.1%, which is 16.1% lower than the position average.",contributor|ge_20|mi|state|state_analysis|te|threshold
TE,state_analysis,"[TE] Insight: TE recruits who were from MI saw an average career success score of 31.36, which is 17.7% lower than the position average.",mi|state|state_analysis|te
TE,state_analysis,"[TE] Insight: TE recruits who were from IN saw an average multi-year starter rate (>=50) of 37.1%, which is 20.3% lower than the position average.",ge_50|in|multi-year_starter|state|state_analysis|te|threshold
TE,state_analysis,"[TE] Insight: TE recruits who were from TN saw an average multi-year starter rate (>=50) of 32.4%, which is 30.6% lower than the position average.",ge_50|multi-year_starter|state|state_analysis|te|threshold|tn
TE,state_analysis,"[TE] Insight: TE recruits who were from OH saw an average elite rate (>=80) of 1.3%, which is 32.7% lower than the position average.",elite|ge_80|oh|state|state_analysis|te|threshold
TE,state_analysis,"[TE] Insight: TE recruits who were from TX saw an average elite rate (>=80) of 1.2%, which is 39.1% lower than the position average.",elite|ge_80|state|state_analysis|te|threshold|tx
TE,state_analysis,"[TE] Insight: TE recruits who were from FL saw an average elite rate (>=80) of 1.1%, which is 44.9% lower than the position average.",elite|fl|ge_80|state|state_analysis|te|threshold
TE,state_analysis,"[TE] Insight: TE recruits who were from CA saw an average elite rate (>=80) of 1.0%, which is 47.7% lower than the position average.",ca|elite|ge_80|state|state_analysis|te|threshold
TE,state_analysis,"[TE] Insight: TE recruits who were from NC saw an average elite rate (>=80) of 0.0%, which is 100.0% lower than the position average.",elite|ge_80|nc|state|state_analysis|te|threshold
TE,state_analysis,"[TE] Insight: TE recruits who were from MI saw an average elite rate (>=80) of 0.0%, which is 100.0% lower than the position average.",elite|ge_80|mi|state|state_analysis|te|threshold
TE,state_analysis,"[TE] Insight: TE recruits who were from AL saw an average elite rate (>=80) of 0.0%, which is 100.0% lower than the position average.",al|elite|ge_80|state|state_analysis|te|threshold
WR,biometric_threshold,"[WR] Insight: WR recruits who were above weight_lbs 200 saw an average elite rate (>=80) of 3.7%, which is 114.1% higher than the position average.",200|above|biometric_threshold|elite|ge_80|threshold|weight_lbs|wr
WR,biometric_threshold,"[WR] Insight: WR recruits who were above weight_lbs 200 saw an average multi-year starter rate (>=50) of 56.6%, which is 25.6% higher than the position average.",200|above|biometric_threshold|ge_50|multi-year_starter|threshold|weight_lbs|wr
WR,prestige_lift,"[WR] Insight: WR recruits who had flag_all_american_bowl saw an average elite rate (>=80) of 7.5%, which is 328.7% higher than the position average.",elite|flag_all_american_bowl|ge_80|has_flag|prestige_lift|threshold|wr
WR,prestige_lift,"[WR] Insight: WR recruits who had flag_all_american_bowl saw an average multi-year starter rate (>=50) of 85.0%, which is 88.8% higher than the position average.",flag_all_american_bowl|ge_50|has_flag|multi-year_starter|prestige_lift|threshold|wr
WR,prestige_lift,"[WR] Insight: WR recruits who had flag_all_american_bowl saw an average career success score of 61.17, which is 53.9% higher than the position average.",flag_all_american_bowl|has_flag|prestige_lift|wr
WR,prestige_lift,"[WR] Insight: WR recruits who had flag_all_american_bowl saw an average contributor rate (>=20) of 97.5%, which is 31.8% higher than the position average.",contributor|flag_all_american_bowl|ge_20|has_flag|prestige_lift|threshold|wr
WR,skill_influence,"[WR] Insight: WR recruits who had skill_Route Running ratings of 9 or 10 saw an average elite rate (>=80) of 5.5%, which is 214.1% higher than the position average.",elite|ge_80|rating_9_or_10|skill_influence|skill_route_running|threshold|wr
WR,skill_influence,"[WR] Insight: WR recruits who had skill_Route Running ratings of 9 or 10 saw an average multi-year starter rate (>=50) of 72.5%, which is 61.1% higher than the position average.",ge_50|multi-year_starter|rating_9_or_10|skill_influence|skill_route_running|threshold|wr
WR,skill_influence,"[WR] Insight: WR recruits who had skill_Route Running ratings of 9 or 10 saw an average career success score of 56.57, which is 42.4% higher than the position average.",rating_9_or_10|skill_influence|skill_route_running|wr
WR,skill_influence,"[WR] Insight: WR recruits who had skill_Route Running ratings of 9 or 10 saw an average contributor rate (>=20) of 92.3%, which is 24.8% higher than the position average.",contributor|ge_20|rating_9_or_10|skill_influence|skill_route_running|threshold|wr
WR,star_threshold,"[WR] Insight: WR recruits who were 5-star prospects saw an average elite rate (>=80) of 15.2%, which is 769.8% higher than the position average.",5-star|elite|ge_80|star_threshold|threshold|wr
WR,star_threshold,"[WR] Insight: WR recruits who were 4-star prospects saw an average elite rate (>=80) of 4.4%, which is 150.7% higher than the position average.",4-star|elite|ge_80|star_threshold|threshold|wr
WR,star_threshold,"[WR] Insight: WR recruits who were 5-star prospects saw an average multi-year starter rate (>=50) of 78.3%, which is 73.8% higher than the position average.",5-star|ge_50|multi-year_starter|star_threshold|threshold|wr
WR,star_threshold,"[WR] Insight: WR recruits who were 5-star prospects saw an average career success score of 64.46, which is 62.2% higher than the position average.",5-star|star_threshold|wr
WR,star_threshold,"[WR] Insight: WR recruits who were 4-star prospects saw an average multi-year starter rate (>=50) of 64.4%, which is 43.0% higher than the position average.",4-star|ge_50|multi-year_starter|star_threshold|threshold|wr
WR,star_threshold,"[WR] Insight: WR recruits who were 5-star prospects saw an average contributor rate (>=20) of 97.8%, which is 32.3% higher than the position average.",5-star|contributor|ge_20|star_threshold|threshold|wr
WR,star_threshold,"[WR] Insight: WR recruits who were 4-star prospects saw an average career success score of 52.34, which is 31.7% higher than the position average.",4-star|star_threshold|wr
WR,star_threshold,"[WR] Insight: WR recruits who were 4-star prospects saw an average contributor rate (>=20) of 89.5%, which is 21.0% higher than the position average.",4-star|contributor|ge_20|star_threshold|threshold|wr
WR,star_threshold,"[WR] Insight: WR recruits who were 2-star prospects saw an average multi-year starter rate (>=50) of 37.2%, which is 17.4% lower than the position average.",2-star|ge_50|multi-year_starter|star_threshold|threshold|wr
WR,star_threshold,"[WR] Insight: WR recruits who were 3-star prospects saw an average elite rate (>=80) of 0.9%, which is 47.5% lower than the position average.",3-star|elite|ge_80|star_threshold|threshold|wr
WR,star_threshold,"[WR] Insight: WR recruits who were 2-star prospects saw an average elite rate (>=80) of 0.3%, which is 85.3% lower than the position average.",2-star|elite|ge_80|star_threshold|threshold|wr
WR,state_analysis,"[WR] Insight: WR recruits who were from LA saw an average elite rate (>=80) of 5.0%, which is 185.8% higher than the position average.",elite|ge_80|la|state|state_analysis|threshold|wr
WR,state_analysis,"[WR] Insight: WR recruits who were from SC saw an average elite rate (>=80) of 3.8%, which is 114.4% higher than the position average.",elite|ge_80|sc|state|state_analysis|threshold|wr
WR,state_analysis,"[WR] Insight: WR recruits who were from LA saw an average multi-year starter rate (>=50) of 52.5%, which is 16.6% higher than the position average.",ge_50|la|multi-year_starter|state|state_analysis|threshold|wr
WR,state_analysis,"[WR] Insight: WR recruits who were from CA saw an average elite rate (>=80) of 1.5%, which is 15.6% lower than the position average.",ca|elite|ge_80|state|state_analysis|threshold|wr
WR,state_analysis,"[WR] Insight: WR recruits who were from TN saw an average elite rate (>=80) of 1.5%, which is 15.9% lower than the position average.",elite|ge_80|state|state_analysis|threshold|tn|wr
WR,state_analysis,"[WR] Insight: WR recruits who were from OH saw an average contributor rate (>=20) of 58.9%, which is 20.3% lower than the position average.",contributor|ge_20|oh|state|state_analysis|threshold|wr
WR,state_analysis,"[WR] Insight: WR recruits who were from OH saw an average career success score of 28.60, which is 28.0% lower than the position average.",oh|state|state_analysis|wr
WR,state_analysis,"[WR] Insight: WR recruits who were from IL saw an average elite rate (>=80) of 1.2%, which is 29.4% lower than the position average.",elite|ge_80|il|state|state_analysis|threshold|wr
WR,state_analysis,"[WR] Insight: WR recruits who were from OH saw an average multi-year starter rate (>=50) of 27.4%, which is 39.2% lower than the position average.",ge_50|multi-year_starter|oh|state|state_analysis|threshold|wr
WR,state_analysis,"[WR] Insight: WR recruits who were from AL saw an average elite rate (>=80) of 1.0%, which is 42.8% lower than the position average.",al|elite|ge_80|state|state_analysis|threshold|wr
WR,state_analysis,"[WR] Insight: WR recruits who were from FL saw an average elite rate (>=80) of 0.7%, which is 59.3% lower than the position average.",elite|fl|ge_80|state|state_analysis|threshold|wr
WR,state_analysis,"[WR] Insight: WR recruits who were from GA saw an average elite rate (>=80) of 0.4%, which is 76.8% lower than the position average.",elite|ga|ge_80|state|state_analysis|threshold|wr
WR,state_analysis,"[WR] Insight: WR recruits who were from NC saw an average elite rate (>=80) of 0.0%, which is 100.0% lower than the position average.",elite|ge_80|nc|state|state_analysis|threshold|wr
WR,state_analysis,"[WR] Insight: WR recruits who were from OH saw an average elite rate (>=80) of 0.0%, which is 100.0% lower than the position average.",elite|ge_80|oh|state|state_analysis|threshold|wr
