player_id,year,rank,name,position,height,weight,rating,high_school,city,state,committed_to,url
202800001,2028,1,Brysen Wright,WR,"6' 3.5""",215 lbs,0.9994,Mandarin,Jacksonville,FL,Uncommitted,https://247sports.com/player/brysen-wright-46151659/
202800002,2028,2,Jalanie George,Edge,"6' 4.5""",245 lbs,0.9990,Desert Edge,Goodyear,AZ,Uncommitted,https://247sports.com/player/jalanie-george-46151179/
202800003,2028,3,A'mir Sears,CB,"6' 1""",162 lbs,0.9987,Columbus,Miami,FL,Uncommitted,https://247sports.com/player/amir-sears-46151570/
202800004,2028,4,Jayden Wade,QB,"6' 3""",190 lbs,0.9965,IMG Academy,Bradenton,FL,Georgia,https://247sports.com/player/jayden-wade-46131982/
202800005,2028,5,Deandre Bidden,WR,"6' 1""",170 lbs,0.9962,Harper Woods,Harper Woods,MI,Uncommitted,https://247sports.com/player/deandre-bidden-46149889/
202800006,2028,6,Kameron McGee,Edge,"6' 3""",234 lbs,0.9961,Brother Rice,Chicago,IL,Uncommitted,https://247sports.com/player/kameron-mcgee-46154559/
202800007,2028,7,Christopher Vargas,QB,"6' 4""",175 lbs,0.9952,St. John's Prep,Danvers,MA,Uncommitted,https://247sports.com/player/christopher-vargas-46151637/
202800008,2028,8,Kellan Hall,DL,"6' 4""",265 lbs,0.9952,Christian Academy of Louisville,Louisville,KY,Uncommitted,https://247sports.com/player/kellan-hall-46149820/
202800009,2028,9,Jett Harrison,WR,"6' 1""",175 lbs,0.9941,St. Joseph's Prep,Philadelphia,PA,Uncommitted,https://247sports.com/player/jett-harrison-46152620/
202800010,2028,10,Giovanni Tuggle,S,"6' 0""",175 lbs,0.9937,Winder-Barrow,Winder,GA,Uncommitted,https://247sports.com/player/giovanni-tuggle-46159161/
202800011,2028,11,Jamarios Canton,OT,"6' 5""",305 lbs,0.9935,IMG Academy,Bradenton,FL,Uncommitted,https://247sports.com/player/jamarios-canton-46154437/
202800012,2028,12,Asher Ghioto,DL,"6' 4.5""",240 lbs,0.9934,The Bolles School,Jacksonville,FL,Uncommitted,https://247sports.com/player/asher-ghioto-46147706/
202800013,2028,13,Braylon Clark,WR,"6' 2.5""",188 lbs,0.9927,Charlotte Country Day,Charlotte,NC,Uncommitted,https://247sports.com/player/braylon-clark-46151079/
202800014,2028,14,George Selvie III,IOL,"6' 3""",265 lbs,0.9926,Sumner,Riverview,FL,Uncommitted,https://247sports.com/player/george-selvie-iii-46154734/
202800015,2028,15,R'Monie Edwards,OT,"6' 4.5""",310 lbs,0.9924,Cy Ranch,Cypress,TX,Uncommitted,https://247sports.com/player/rmonie-edwards-46153244/
202800016,2028,16,Casey Barner,S,"5' 11""",190 lbs,0.9922,McEachern,Powder Springs,GA,Uncommitted,https://247sports.com/player/casey-barner-46149998/
202800017,2028,17,Azhir Waddell,DL,"6' 5""",275 lbs,0.9906,IMG Academy,Bradenton,FL,Uncommitted,https://247sports.com/player/azhir-waddell-46155242/
202800018,2028,18,Darieon Prescott,Edge,"6' 6""",220 lbs,0.9905,Bolingbrook,Bolingbrook,IL,Uncommitted,https://247sports.com/player/darieon-prescott-46154828/
202800019,2028,19,Zaiden Jernigan,RB,"5' 10.5""",195 lbs,0.9902,Louisville,Louisville,MS,Uncommitted,https://247sports.com/player/zaiden-jernigan-46143131/
202800020,2028,20,Jackson Vaughn,Edge,"6' 3""",220 lbs,0.9894,Bergen Catholic,Oradell,NJ,Uncommitted,https://247sports.com/player/jackson-vaughn-46152715/
202800021,2028,21,Langston Pridgeon,CB,"6' 2""",175 lbs,0.9890,Stone Bridge,Ashburn,VA,Uncommitted,https://247sports.com/player/langston-pridgeon-46158158/
202800022,2028,22,Tahj Gray,LB,"6' 3""",225 lbs,0.9887,St. Joseph Regional,Montvale,NJ,Uncommitted,https://247sports.com/player/tahj-gray-46154276/
202800023,2028,23,Bryce Smalls,OT,"6' 4""",290 lbs,0.9887,Archbishop Spalding,Severn,MD,Uncommitted,https://247sports.com/player/bryce-smalls-46160726/
202800024,2028,24,Jameer Whyce,DL,"6' 4""",270 lbs,0.9884,Trotwood-Madison,Dayton,OH,Ohio State,https://247sports.com/player/jameer-whyce-46149358/
202800025,2028,25,Tytan McNeal,TE,"6' 5""",210 lbs,0.9881,Eastside Catholic,Sammamish,WA,Uncommitted,https://247sports.com/player/tytan-mcneal-46149570/
202800026,2028,26,Gaige Weddle,ATH,"6' 2""",175 lbs,0.9876,Rancho Bernardo,San Diego,CA,Uncommitted,https://247sports.com/player/gaige-weddle-46153692/
202800027,2028,27,Neimann Lawrence,QB,"6' 0.5""",202 lbs,0.9864,American Heritage,Plantation,FL,Uncommitted,https://247sports.com/player/neimann-lawrence-46142481/
202800028,2028,28,Donald Tabron II,QB,"6' 3.5""",180 lbs,0.9859,Cass Technical,Detroit,MI,Uncommitted,https://247sports.com/player/donald-tabron-ii-46148791/
202800029,2028,29,James Foster III,S,"6' 1""",195 lbs,0.9848,Lancaster,Lancaster,TX,Uncommitted,https://247sports.com/player/james-foster-iii-46152989/
202800030,2028,30,Aden Johnson,ATH,"6' 5""",200 lbs,0.9843,West Broward,Pembroke Pines,FL,Uncommitted,https://247sports.com/player/aden-johnson-46158562/
202800031,2028,31,Kweli Fielder,OT,"6' 4""",310 lbs,0.9823,Carrollton,Carrollton,GA,Uncommitted,https://247sports.com/player/kweli-fielder-46150823/
202800032,2028,32,Tyzon Swann,DL,"6' 4""",235 lbs,0.9820,Henry E. Lackey,Indian Head,MD,Uncommitted,https://247sports.com/player/tyzon-swann-46159266/
202800033,2028,33,Amiir Woodward,CB,"5' 11""",165 lbs,0.9813,Bergen Catholic,Oradell,NJ,Uncommitted,https://247sports.com/player/amiir-woodward-46158988/
202800034,2028,34,Tromon Isaac Jr.,WR,"5' 11""",170 lbs,0.9810,Chaminade-Madonna,Pompano Beach,FL,Uncommitted,https://247sports.com/player/tromon-isaac-jr-46150874/
202800035,2028,35,Jermaine Cobbins,CB,"6' 1""",175 lbs,0.9808,Springfield,Springfield,TN,Uncommitted,https://247sports.com/player/jermaine-cobbins-46153271/
202800036,2028,36,Elisha Mueller,IOL,"6' 4""",295 lbs,0.9808,Servite,Anaheim,CA,Uncommitted,https://247sports.com/player/elisha-mueller-46154547/
202800037,2028,37,Cory Cunningham,DL,"6' 3""",265 lbs,0.9805,Providence,Charlotte,NC,Uncommitted,https://247sports.com/player/cory-cunningham-46151736/
202800038,2028,38,Damarion Mays,WR,"6' 2""",180 lbs,0.9795,North Crowley,Fort Worth,TX,Uncommitted,https://247sports.com/player/damarion-mays-46151722/
202800039,2028,39,Acely Brown,RB,"6' 0""",175 lbs,0.9793,Petal,Petal,MS,Uncommitted,https://247sports.com/player/acely-brown-46152756/
202800040,2028,40,Micah Rhodes,RB,"5' 9.5""",180 lbs,0.9790,Klein Oak,Spring,TX,Uncommitted,https://247sports.com/player/micah-rhodes-46147811/
202800041,2028,41,Tahmere Brown,RB,"5' 11""",188 lbs,0.9789,The Pennington School,Pennington,NJ,Uncommitted,https://247sports.com/player/tahmere-brown-46154653/
202800042,2028,42,Grayson Williams,OT,"6' 4""",280 lbs,0.9788,Southeast Raleigh,Raleigh,NC,Uncommitted,https://247sports.com/player/grayson-williams-46153497/
202800043,2028,43,Caleb Tucker,DL,"6' 5""",355 lbs,0.9785,Mount Carmel,Chicago,IL,Uncommitted,https://247sports.com/player/caleb-tucker-46154032/
202800044,2028,44,Tyree Mannings Jr.,WR,"6' 0""",170 lbs,0.9781,Venice,Venice,FL,Uncommitted,https://247sports.com/player/tyree-mannings-jr-46155615/
202800045,2028,45,Maxx Jones,OT,"6' 4""",270 lbs,0.9780,IMG Academy,Bradenton,FL,Uncommitted,https://247sports.com/player/maxx-jones-46152225/
202800046,2028,46,Elijah Newman-Hall,ATH,"5' 11""",195 lbs,0.9776,Blake,Tampa,FL,Ohio State,https://247sports.com/player/elijah-newman-hall-46151065/
202800047,2028,47,Elijah Tillman,Edge,"6' 7""",210 lbs,0.9765,Grayson,Loganville,GA,Uncommitted,https://247sports.com/player/elijah-tillman-46153270/
202800048,2028,48,Quartavius Lyons Jr.,CB,"6' 1""",165 lbs,0.9765,Miami Central,Miami,FL,Uncommitted,https://247sports.com/player/quartavius-lyons-jr-46145818/
202800049,2028,49,Braylen Bedford,ATH,"5' 10""",160 lbs,0.9744,Vardaman,Vardaman,MS,Uncommitted,https://247sports.com/player/braylen-bedford-46139764/
202800050,2028,50,Baron Marshall,WR,"6' 3""",175 lbs,0.9739,Blue Valley Northwest,Overland Park,KS,Uncommitted,https://247sports.com/player/baron-marshall-46152068/
202800051,2028,51,Roye Oliver III,WR,"5' 11""",165 lbs,0.9720,Hamilton,Chandler,AZ,Uncommitted,https://247sports.com/player/roye-oliver-iii-46154068/
202800052,2028,52,George Parkinson IV,Edge,"6' 4""",228 lbs,0.9716,Malvern Prep,Malvern,PA,Uncommitted,https://247sports.com/player/george-parkinson-iv-46159104/
202800053,2028,53,Lance Ciechanowski,OT,"6' 6""",270 lbs,0.9706,Sierra Canyon,Chatsworth,CA,Uncommitted,https://247sports.com/player/lance-ciechanowski-46158908/
202800054,2028,54,Pole Moala,S,"6' 0""",165 lbs,0.9685,Leuzinger,Lawndale,CA,Uncommitted,https://247sports.com/player/pole-moala-46154623/
202800055,2028,55,Judah Blair,LB,"6' 1""",200 lbs,0.9681,Lakota West,West Chester,OH,Uncommitted,https://247sports.com/player/judah-blair-46157312/
202800056,2028,56,Jameer Miles,LB,"6' 3""",190 lbs,0.9602,Carmel Catholic,Mundelein,IL,Uncommitted,https://247sports.com/player/jameer-miles-46162585/
202800057,2028,57,Major Green,IOL,"6' 5""",350 lbs,0.9440,IMG Academy,Bradenton,FL,Uncommitted,https://247sports.com/player/major-green-46160728/
202800058,2028,58,Sean Simon,RB,"5' 10""",185 lbs,0.9427,La Porte,La Porte,TX,Uncommitted,https://247sports.com/player/sean-simon-46153828/
202800059,2028,59,Lorenzo McMullen Jr.,WR,"6' 1""",170 lbs,0.9422,Taft,Cincinnati,OH,Uncommitted,https://247sports.com/player/lorenzo-mcmullen-jr-46154855/
202800060,2028,60,Kingston Preyear,QB,"6' 3""",195 lbs,0.9416,Benjamin Russell,Alexander City,AL,Uncommitted,https://247sports.com/player/kingston-preyear-46154567/
202800061,2028,61,Kevin Hartsfield,ATH,"6' 0""",190 lbs,0.9408,Newton,Covington,GA,Uncommitted,https://247sports.com/player/kevin-hartsfield-46152833/
202800062,2028,62,Phoenix Evans,S,"5' 10""",160 lbs,0.9408,Don Bosco Prep,Ramsey,NJ,Uncommitted,https://247sports.com/player/phoenix-evans-46150621/
202800063,2028,63,Mataio Fano,OT,"6' 4.5""",235 lbs,0.9406,Orem,Orem,UT,Uncommitted,https://247sports.com/player/mataio-fano-46146798/
202800064,2028,64,Tyrone Elee,DL,"6' 3""",285 lbs,0.9402,Joppatowne,Joppa,MD,Uncommitted,https://247sports.com/player/tyrone-elee-46153385/
202800065,2028,65,Nehemiah McCary,LB,"6' 2.5""",220 lbs,0.9400,Maplesville,Maplesville,AL,Uncommitted,https://247sports.com/player/nehemiah-mccary-46160587/
202800066,2028,67,Xévien Brinson,TE,"6' 6""",235 lbs,0.9393,Arabia Mountain,Lithonia,GA,Uncommitted,https://247sports.com/player/xvien-brinson-46153263/
202800067,2028,68,Jaylen Addai,WR,"6' 1""",170 lbs,0.9392,Shadow Creek,Pearland,TX,Uncommitted,https://247sports.com/player/jaylen-addai-46152961/
202800068,2028,69,Deshawn Simmons,LB,"6' 3""",215 lbs,0.9388,Choctawhatchee,Fort Walton Beach,FL,Uncommitted,https://247sports.com/player/deshawn-simmons-46159192/
202800069,2028,70,Jordan Gorham,WR,"6' 3.5""",175 lbs,0.9386,Timberland,St. Stephen,SC,Uncommitted,https://247sports.com/player/jordan-gorham-46159031/
202800070,2028,71,Taihj Moore,RB,"5' 10""",170 lbs,0.9373,DeLand,DeLand,FL,Uncommitted,https://247sports.com/player/taihj-moore-46154001/
202800071,2028,72,Derrell Hines Jr.,WR,"6' 1""",170 lbs,0.9370,Hillsborough,Tampa,FL,Uncommitted,https://247sports.com/player/derrell-hines-jr-46158469/
202800072,2028,73,Jayden Bell,Edge,"6' 4""",210 lbs,0.9368,Brother Rice,Bloomfield Hills,MI,Uncommitted,https://247sports.com/player/jayden-bell-46150224/
202800073,2028,74,Braxton Rein,Edge,"6' 6""",230 lbs,0.9368,Baylor School,Chattanooga,TN,Uncommitted,https://247sports.com/player/braxton-rein-46152758/
202800074,2028,75,Man Robinson,CB,"5' 11""",185 lbs,0.9363,IMG Academy,Bradenton,FL,Uncommitted,https://247sports.com/player/man-robinson-46151818/
202800075,2028,76,Brendyn Jackson,WR,"5' 11""",170 lbs,0.9361,Midlothian,Midlothian,TX,Uncommitted,https://247sports.com/player/brendyn-jackson-46157338/
202800076,2028,77,Ke'Drid Smith,LB,"6' 2""",215 lbs,0.9360,Pleasant Grove,Texarkana,TX,Uncommitted,https://247sports.com/player/kedrid-smith-46146847/
202800077,2028,78,Dennis Tua'one,WR,"6' 1""",185 lbs,0.9348,Timpview,Provo,UT,Uncommitted,https://247sports.com/player/dennis-tuaone-46145431/
202800078,2028,79,Jaden Hurndon,WR,"6' 1""",185 lbs,0.9346,Longview,Longview,TX,Uncommitted,https://247sports.com/player/jaden-hurndon-46155044/
202800079,2028,80,King Pitts,OT,"6' 5""",255 lbs,0.9342,Kapaa,Kapaa,HI,Uncommitted,https://247sports.com/player/king-pitts-46150208/
202800080,2028,81,Ace Leutele,S,"6' 1""",195 lbs,0.9341,Mater Dei,Santa Ana,CA,Uncommitted,https://247sports.com/player/ace-leutele-46152009/
202800081,2028,82,Nate Dollard,CB,"5' 10.5""",152 lbs,0.9338,Charlotte Country Day,Charlotte,NC,Uncommitted,https://247sports.com/player/nate-dollard-46151087/
202800082,2028,83,Andre Alexander Jr.,LB,"6' 1""",210 lbs,0.9336,IMG Academy,Bradenton,FL,Uncommitted,https://247sports.com/player/andre-alexander-jr-46158120/
202800083,2028,84,Carter St. Junious,WR,"6' 3""",185 lbs,0.9336,Manvel,Manvel,TX,Uncommitted,https://247sports.com/player/carter-st-junious-46160123/
202800084,2028,85,Grayden Reid,S,"6' 3""",185 lbs,0.9335,Atherton,Louisville,KY,Uncommitted,https://247sports.com/player/grayden-reid-46154802/
202800085,2028,86,Jevyn Severson,TE,"6' 5""",230 lbs,0.9334,Madrid,Madrid,IA,Uncommitted,https://247sports.com/player/jevyn-severson-46158003/
202800086,2028,87,Trace Hawkins,QB,"6' 0""",165 lbs,0.9333,Calhoun,Calhoun,GA,Uncommitted,https://247sports.com/player/trace-hawkins-46156691/
202800087,2028,88,Cayden Lancelin,ATH,"6' 0""",180 lbs,0.9332,Westgate,New Iberia,LA,Uncommitted,https://247sports.com/player/cayden-lancelin-46157647/
202800088,2028,89,Kamieon Compton-Nero,ATH,"6' 3""",175 lbs,0.9326,Rejoice Christian,Owasso,OK,Uncommitted,https://247sports.com/player/kamieon-compton-nero-46155047/
202800089,2028,90,Jalen Flowers,S,"6' 1""",160 lbs,0.9325,Palos Verdes,Palos Verdes Peninsula,CA,Uncommitted,https://247sports.com/player/jalen-flowers-46154838/
202800090,2028,91,Antonio Thomas Jr.,Edge,"6' 3""",235 lbs,0.9321,Carrollwood Day,Tampa,FL,Uncommitted,https://247sports.com/player/antonio-thomas-jr-46155485/
202800091,2028,92,Chance Archangel,Edge,"6' 3""",230 lbs,0.9320,Westgate,New Iberia,LA,Uncommitted,https://247sports.com/player/chance-archangel-46157646/
202800092,2028,93,Izayah Vickers,CB,"5' 11.5""",170 lbs,0.9319,Florida State University School,Tallahassee,FL,Uncommitted,https://247sports.com/player/izayah-vickers-46153266/
202800093,2028,94,CJ Whaley,ATH,"6' 4""",185 lbs,0.9317,Atlanta,Atlanta,TX,Uncommitted,https://247sports.com/player/cj-whaley-46155529/
202800094,2028,95,Jack McNamara,TE,"6' 5""",235 lbs,0.9315,Brother Rice,Chicago,IL,Uncommitted,https://247sports.com/player/jack-mcnamara-46158061/
202800095,2028,96,Jermaine Smith Jr.,ATH,"6' 5""",215 lbs,0.9309,St. Frances Academy,Baltimore,MD,Uncommitted,https://247sports.com/player/jermaine-smith-jr-46146196/
202800096,2028,97,Elijah Cromwell,RB,"5' 11""",180 lbs,0.9307,Cherry Creek,Englewood,CO,Uncommitted,https://247sports.com/player/elijah-cromwell-46153247/
202800097,2028,98,Dedrick Kimbrough,WR,"6' 3""",180 lbs,0.9306,Thompson,Alabaster,AL,Uncommitted,https://247sports.com/player/dedrick-kimbrough-46154808/
202800098,2028,99,Carter Barrett,OT,"6' 6""",288 lbs,0.9306,Dowling Catholic,West Des Moines,IA,Uncommitted,https://247sports.com/player/carter-barrett-46152199/
202800099,2028,100,Tayaun Lawrence,DL,"6' 3""",250 lbs,0.9305,Bishop Gorman,Las Vegas,NV,Uncommitted,https://247sports.com/player/tayaun-lawrence-46160725/
202800100,2028,101,Adrian Woodward,CB,"6' 0""",165 lbs,0.9302,Bergen Catholic,Oradell,NJ,Uncommitted,https://247sports.com/player/adrian-woodward-46158987/
202800101,2028,102,Jamarcus Johnson,DL,"6' 5""",308 lbs,0.9301,Toombs County,Lyons,GA,Uncommitted,https://247sports.com/player/jamarcus-johnson-46160662/
202800102,2028,103,Ridge Janes,TE,"6' 5""",225 lbs,0.9298,De Smet Jesuit,St. Louis,MO,Uncommitted,https://247sports.com/player/ridge-janes-46150287/
202800103,2028,104,Xavier Bowman,CB,"5' 11""",165 lbs,0.9295,Knoxville Catholic,Knoxville,TN,Uncommitted,https://247sports.com/player/xavier-bowman-46154622/
202800104,2028,105,Braylyn Brown,ATH,"6' 1""",190 lbs,0.9291,Joe T. Robinson,Little Rock,AR,Uncommitted,https://247sports.com/player/braylyn-brown-46160838/
202800105,2028,106,Dawson Jacobs,DL,"6' 3""",240 lbs,0.9289,Blessed Trinity Catholic,Roswell,GA,Uncommitted,https://247sports.com/player/dawson-jacobs-46152798/
202800106,2028,107,Dillon Mitchell,WR,"5' 8""",155 lbs,0.9288,C.E. King,Houston,TX,Uncommitted,https://247sports.com/player/dillon-mitchell-46156965/
202800107,2028,108,Kylen Johnson,CB,"5' 10""",165 lbs,0.9287,Coosa Christian School,Gadsden,AL,Uncommitted,https://247sports.com/player/kylen-johnson-46160828/
202800108,2028,109,Brayden Bonik,ATH,"6' 0""",190 lbs,0.9284,Fort Bend Ridge Point,Missouri City,TX,Uncommitted,https://247sports.com/player/brayden-bonik-46150522/
202800109,2028,110,Toa Feinga,IOL,"6' 5""",280 lbs,0.9283,Herriman,Herriman,UT,Uncommitted,https://247sports.com/player/toa-feinga-46154552/
202800110,2028,111,Jaelyn Easterling-Flores,S,"6' 2""",180 lbs,0.9281,Desert Edge,Goodyear,AZ,Uncommitted,https://247sports.com/player/jaelyn-easterling-flores-46151182/
202800111,2028,112,Zachary Belyeu,RB,"5' 11""",210 lbs,0.9280,North Cobb,Kennesaw,GA,Uncommitted,https://247sports.com/player/zachary-belyeu-46153083/
202800112,2028,113,Tysir Young,LB,"6' 2""",200 lbs,0.9278,Middletown,Middletown,DE,Uncommitted,https://247sports.com/player/tysir-young-46157900/
202800113,2028,114,Elijah Tuua,Edge,"6' 6""",205 lbs,0.9273,St. John Bosco,Bellflower,CA,Uncommitted,https://247sports.com/player/elijah-tuua-46152361/
202800114,2028,115,Cam Toomey,Edge,"6' 4""",245 lbs,0.9271,Saratoga Springs,Saratoga Springs,NY,Uncommitted,https://247sports.com/player/cam-toomey-46158307/
202800115,2028,116,Trison Satele,DL,"6' 1""",270 lbs,0.9271,Mililani,Mililani,HI,Uncommitted,https://247sports.com/player/trison-satele-46154795/
202800116,2028,117,Zayre Thomas,DL,"6' 3""",240 lbs,0.9267,Raytown South,Kansas City,MO,Uncommitted,https://247sports.com/player/zayre-thomas-46158415/
202800117,2028,118,Keith Nolen Jr.,ATH,"6' 1.5""",190 lbs,0.9265,Stone Bridge,Ashburn,VA,Uncommitted,https://247sports.com/player/keith-nolen-jr-46160250/
202800118,2028,119,Ayden Woodruff,DL,"6' 5""",284 lbs,0.9263,Battle Ground Academy,Franklin,TN,Uncommitted,https://247sports.com/player/ayden-woodruff-46154660/
202800119,2028,120,Brandon Nash,S,"6' 2""",185 lbs,0.9260,St. John Bosco,Bellflower,CA,Ohio State,https://247sports.com/player/brandon-nash-46154553/
202800120,2028,121,Jacolby Campbell,WR,"6' 0""",170 lbs,0.9259,Abbeville,Abbeville,LA,Uncommitted,https://247sports.com/player/jacolby-campbell-46160847/
202800121,2028,122,Aiden Opore,ATH,"6' 3""",180 lbs,0.9257,Walton,Marietta,GA,Uncommitted,https://247sports.com/player/aiden-opore-46158523/
202800122,2028,123,Anthony Howard Jr.,RB,"5' 10""",175 lbs,0.9255,IMG Academy,Bradenton,FL,Uncommitted,https://247sports.com/player/anthony-howard-jr-46150828/
202800123,2028,124,Kaiden Buchanan,LB,"6' 0""",220 lbs,0.9251,Tupelo,Tupelo,MS,Uncommitted,https://247sports.com/player/kaiden-buchanan-46148636/
202800124,2028,125,Kaden Craft,QB,"6' 3.5""",195 lbs,0.9247,Lake Norman,Mooresville,NC,Uncommitted,https://247sports.com/player/kaden-craft-46159205/
202800125,2028,126,Zyon Robinson,WR,"6' 1""",175 lbs,0.9246,Stockbridge,Stockbridge,GA,Uncommitted,https://247sports.com/player/zyon-robinson-46158766/
202800126,2028,127,Jai'Storm Knight,OT,"6' 8.5""",335 lbs,0.9245,Converse Judson,Converse,TX,Uncommitted,https://247sports.com/player/jaistorm-knight-46150643/
202800127,2028,128,CJ Davis III,RB,"5' 9""",165 lbs,0.9239,Hewitt-Trussville,Trussville,AL,Uncommitted,https://247sports.com/player/cj-davis-iii-46149913/
202800128,2028,129,Calvin Ursin,WR,"6' 1""",195 lbs,0.9229,Live Oak,Watson,LA,Uncommitted,https://247sports.com/player/calvin-ursin-46149501/
202800129,2028,130,Aiden Ezeiruaku,LB,"6' 1""",185 lbs,0.9227,Williamstown,Williamstown,NJ,Uncommitted,https://247sports.com/player/aiden-ezeiruaku-46158557/
202800130,2028,131,Kingston Brown,DL,"6' 3""",265 lbs,0.9208,Carver,Columbus,GA,Uncommitted,https://247sports.com/player/kingston-brown-46158728/
202800131,2028,132,Carter Zingelmann,QB,"6' 4.5""",220 lbs,0.9153,Coppell,Coppell,TX,Uncommitted,https://247sports.com/player/carter-zingelmann-46154967/
202800132,2028,133,Marshaun Thornton,WR,"6' 2""",180 lbs,0.8900,Mount Carmel,Chicago,IL,Uncommitted,https://247sports.com/player/marshaun-thornton-46154498/
202800133,2028,133,Malakhi Dudley,OT,"6' 5""",310 lbs,0.8900,Heritage,Conyers,GA,Uncommitted,https://247sports.com/player/malakhi-dudley-46155368/
202800134,2028,133,Jamir Lee,WR,"6' 0""",170 lbs,0.8900,North Little Rock,North Little Rock,AR,Uncommitted,https://247sports.com/player/jamir-lee-46159945/
202800135,2028,133,Tory Clark,DL,"6' 4""",260 lbs,0.8900,Woodward Academy,Atlanta,GA,Uncommitted,https://247sports.com/player/tory-clark-46160342/
202800136,2028,133,Victor Ezeukwu,Edge,"6' 4""",190 lbs,0.8900,St. Joseph's Prep,Philadelphia,PA,Uncommitted,https://247sports.com/player/victor-ezeukwu-46160881/
202800137,2028,139,Graham Simpson,QB,"5' 11.5""",182 lbs,0.8850,Westview,Martin,TN,Uncommitted,https://247sports.com/player/graham-simpson-46150528/
202800138,2028,139,Chase Foster II,DL,"6' 4""",260 lbs,0.8850,IMG Academy,Fayetteville,GA,Uncommitted,https://247sports.com/player/chase-foster-ii-46151610/
202800139,2028,139,Christian Webb-Scott,DL,"6' 5""",220 lbs,0.8850,Westside,Anderson,SC,Uncommitted,https://247sports.com/player/christian-webb-scott-46152052/
202800140,2028,139,Kenneth Ward,ATH,"5' 8""",175 lbs,0.8850,Pittsburg,Pittsburg,CA,Uncommitted,https://247sports.com/player/kenneth-ward-46152607/
202800141,2028,139,Mylan Griggs,WR,"6' 1""",172 lbs,0.8850,Cass Technical,Detroit,MI,Uncommitted,https://247sports.com/player/mylan-griggs-46152869/
202800142,2028,139,Seven Rashad,WR,"6' 5""",175 lbs,0.8850,Buford,Buford,GA,Purdue,https://247sports.com/player/seven-rashad-46153231/
202800143,2028,139,Travion Washington,LB,"6' 1""",207 lbs,0.8850,Brandon,Brandon,MS,Uncommitted,https://247sports.com/player/travion-washington-46154903/
202800144,2028,139,Jayden Evans,S,"6' 1""",170 lbs,0.8850,Harper Woods,Harper Woods,MI,Uncommitted,https://247sports.com/player/jayden-evans-46155212/
202800145,2028,139,Tristin Gaines,QB,"6' 1""",180 lbs,0.8850,Waller,Waller,TX,Uncommitted,https://247sports.com/player/tristin-gaines-46157354/
202800146,2028,139,Peter Pierre,ATH,"6' 3""",215 lbs,0.8850,Chaminade-Madonna,Hollywood,FL,Uncommitted,https://247sports.com/player/peter-pierre-46158155/
202800147,2028,139,David Forster,WR,"6' 4""",200 lbs,0.8850,St. Joseph Regional,Montvale,NJ,Uncommitted,https://247sports.com/player/david-forster-46159023/
202800148,2028,150,Brady Quinn,QB,"6' 1""",195 lbs,0.8800,Chaminade-Madonna,Hollywood,FL,Uncommitted,https://247sports.com/player/brady-quinn-46148149/
202800149,2028,150,AJ Tuivaiave,QB,"6' 3""",240 lbs,0.8800,Graham-Kapowsin,Graham,WA,Uncommitted,https://247sports.com/player/aj-tuivaiave-46149516/
202800150,2028,150,Aedyn Havili,DL,"6' 2""",275 lbs,0.8800,Eastside Catholic,Sammamish,WA,Uncommitted,https://247sports.com/player/aedyn-havili-46150276/
202800151,2028,150,Emiere Lemons,WR,"6' 3""",194 lbs,0.8800,Glenville,Cleveland,OH,Uncommitted,https://247sports.com/player/emiere-lemons-46150457/
202800152,2028,150,Jamar Howard,QB,"6' 2""",205 lbs,0.8800,Clovis West,Fresno,CA,Uncommitted,https://247sports.com/player/jamar-howard-46150516/
202800153,2028,150,Hunter Hill,IOL,"6' 3""",300 lbs,0.8800,Peach County,Fort Valley,GA,Uncommitted,https://247sports.com/player/hunter-hill-46150588/
202800154,2028,150,Trey Towns Jr.,QB,"6' 2""",215 lbs,0.8800,Rancho Cucamonga,Rancho Cucamonga,CA,Uncommitted,https://247sports.com/player/trey-towns-jr-46151786/
202800155,2028,150,Landon Miller,LB,"6' 2""",195 lbs,0.8800,De La Salle,Concord,CA,Uncommitted,https://247sports.com/player/landon-miller-46153091/
202800156,2028,150,Micah Hannah,CB,"6' 1""",160 lbs,0.8800,Simi Valley,Simi Valley,CA,Uncommitted,https://247sports.com/player/micah-hannah-46153390/
202800157,2028,150,John Matthews,WR,"6' 0""",175 lbs,0.8800,Newnan,Newnan,GA,Uncommitted,https://247sports.com/player/john-matthews-46153508/
202800158,2028,150,Jayden McKinney,DL,"6' 3""",265 lbs,0.8800,Winton Woods,Cincinnati,OH,Uncommitted,https://247sports.com/player/jayden-mckinney-46153526/
202800159,2028,150,Liam Conlon,LB,"6' 2""",215 lbs,0.8800,Catholic Memorial,West Roxbury,MA,Uncommitted,https://247sports.com/player/liam-conlon-46154078/
202800160,2028,150,Ca'ron Williams,CB,"5' 11""",175 lbs,0.8800,Santa Margarita Catholic,Rancho Santa Margarita,CA,Uncommitted,https://247sports.com/player/caron-williams-46154368/
202800161,2028,150,Ramar Thomas,ATH,"6' 2""",185 lbs,0.8800,Catholic Memorial,West Roxbury,MA,Boston College,https://247sports.com/player/ramar-thomas-46154814/
202800162,2028,150,Mike Taylor,TE,"6' 2""",225 lbs,0.8800,Desert Pines,Las Vegas,NV,Uncommitted,https://247sports.com/player/mike-taylor-46158052/
202800163,2028,150,DeMarcus Dale-Brown,Edge,"6' 1""",230 lbs,0.8800,Williamson,Mobile,AL,Uncommitted,https://247sports.com/player/demarcus-dale-brown-46158391/
202800164,2028,150,Micah Santiago,DL,"6' 2""",295 lbs,0.8800,Bellevue West,Bellevue,NE,Uncommitted,https://247sports.com/player/micah-santiago-46159187/
202800165,2028,150,Jayden Stephens,ATH,"6' 0""",180 lbs,0.8800,Waverly-Shell Rock,Waverly,IA,Uncommitted,https://247sports.com/player/jayden-stephens-46159230/
202800166,2028,150,Hendrix Dawson,DL,"6' 3.5""",255 lbs,0.8800,Wisconsin Dells,Wisconsin Dells,WI,Uncommitted,https://247sports.com/player/hendrix-dawson-46159432/
202800167,2028,150,Lee Steele,TE,"6' 6""",205 lbs,0.8800,Orange Beach,Orange Beach,AL,Uncommitted,https://247sports.com/player/lee-steele-46159671/
202800168,2028,150,Isaiah Taylor,CB,"6' 2""",160 lbs,0.8800,Keller Central,Keller,TX,Uncommitted,https://247sports.com/player/isaiah-taylor-46160186/
202800169,2028,150,Samir Edwards,WR,"6' 3.5""",205 lbs,0.8800,St. Frances Academy,Baltimore,MD,Uncommitted,https://247sports.com/player/samir-edwards-46160848/
202800170,2028,150,Nasir Richardson,CB,"6' 0.5""",160 lbs,0.8800,Malcolm X Shabazz,Newark,NJ,Uncommitted,https://247sports.com/player/nasir-richardson-46160855/
202800171,2028,150,Zion Anderson,ATH,"6' 0""",160 lbs,0.8800,Long Beach Poly,Long Beach,CA,Uncommitted,https://247sports.com/player/zion-anderson-46161195/
202800172,2028,150,Keaton Fields,ATH,"6' 3""",185 lbs,0.8800,Hamilton,Chandler,AZ,Uncommitted,https://247sports.com/player/keaton-fields-46161465/
202800173,2028,175,Tyler Trusel,ATH,"6' 3""",180 lbs,0.8750,Brother Rice,Bloomfield Hills,MI,Uncommitted,https://247sports.com/player/tyler-trusel-46150223/
202800174,2028,175,Luke Nabors,Edge,"6' 4""",202 lbs,0.8750,Buford,Buford,GA,Uncommitted,https://247sports.com/player/luke-nabors-46150348/
202800175,2028,175,Jayden Beckley,DL,"6' 0.5""",285 lbs,0.8750,Bergen Catholic,Oradell,NJ,Uncommitted,https://247sports.com/player/jayden-beckley-46150501/
202800176,2028,175,Maddox Weil,WR,"5' 10""",160 lbs,0.8750,Northrop,Fort Wayne,IN,Uncommitted,https://247sports.com/player/maddox-weil-46150567/
202800177,2028,175,Major Stokes,Edge,"6' 4""",205 lbs,0.8750,Crimson Cliffs,Washington,UT,Uncommitted,https://247sports.com/player/major-stokes-46151043/
202800178,2028,175,Nekhi Lambeth,CB,"6' 0""",175 lbs,0.8750,Desert Edge,Goodyear,AZ,Uncommitted,https://247sports.com/player/nekhi-lambeth-46151180/
202800179,2028,175,Hunter Fujikawa,QB,"6' 2""",200 lbs,0.8750,Mililani,Mililani,HI,Uncommitted,https://247sports.com/player/hunter-fujikawa-46151384/
202800180,2028,175,Derrick Jackson,RB,"6' 0""",185 lbs,0.8750,Bishop Montgomery,Torrance,CA,Uncommitted,https://247sports.com/player/derrick-jackson-46151512/
202800181,2028,175,JD Edwards,WR,"5' 9""",150 lbs,0.8750,Carthage,Carthage,TX,Uncommitted,https://247sports.com/player/jd-edwards-46152681/
202800182,2028,175,Koa Malau'ulu,QB,"6' 2""",180 lbs,0.8750,St. John Bosco,Bellflower,CA,Uncommitted,https://247sports.com/player/koa-malauulu-46152746/
202800183,2028,175,Steeler Wesley,TE,"6' 4""",185 lbs,0.8750,Orem,Orem,UT,Uncommitted,https://247sports.com/player/steeler-wesley-46153151/
202800184,2028,175,Jordan Slye Jr,CB,"6' 1""",170 lbs,0.8750,Salesian,Los Angeles,CA,Uncommitted,https://247sports.com/player/jordan-slye-jr-46153205/
202800185,2028,175,Jordan Hicks,CB,"6' 1""",180 lbs,0.8750,Mission Viejo,Mission Viejo,CA,Uncommitted,https://247sports.com/player/jordan-hicks-46154366/
202800186,2028,175,Kaicen Carter,ATH,"6' 3""",195 lbs,0.8750,Federal Way,Federal Way,WA,Uncommitted,https://247sports.com/player/kaicen-carter-46155175/
202800187,2028,175,Torrin Hill,TE,"6' 3""",205 lbs,0.8750,Centennial,Peoria,AZ,Uncommitted,https://247sports.com/player/torrin-hill-46155521/
202800188,2028,175,Antijuan Wilkes,OT,"6' 6""",280 lbs,0.8750,Cass Technical,Detroit,MI,Uncommitted,https://247sports.com/player/antijuan-wilkes-46157051/
202800189,2028,175,Kentz Brown,RB,"6' 0""",215 lbs,0.8750,Dumas,Dumas,AR,Uncommitted,https://247sports.com/player/kentz-brown-46157553/
202800190,2028,175,Bo Sutter,ATH,"6' 1""",190 lbs,0.8750,Dunlap,Dunlap,IL,Uncommitted,https://247sports.com/player/bo-sutter-46157769/
202800191,2028,175,Maui Tonata,IOL,"6' 5""",280 lbs,0.8750,Orem,Orem,UT,Uncommitted,https://247sports.com/player/maui-tonata-46158028/
202800192,2028,175,Jacez Walton,RB,"5' 11""",205 lbs,0.8750,Central,Carrollton,GA,Uncommitted,https://247sports.com/player/jacez-walton-46158224/
202800193,2028,175,Allen Kennett V,LB,"6' 1""",215 lbs,0.8750,Servite,Anaheim,CA,Uncommitted,https://247sports.com/player/allen-kennett-v-46159411/
202800194,2028,175,Damontae Butler,CB,"6' 0""",155 lbs,0.8750,Reynoldsburg,Reynoldsburg,OH,Uncommitted,https://247sports.com/player/damontae-butler-46159505/
202800195,2028,175,Jamir Lee,DL,"6' 2""",260 lbs,0.8750,Benedictine Military School,Savannah,GA,Uncommitted,https://247sports.com/player/jamir-lee-46159936/
202800196,2028,175,Brandon Jefferson,WR,"6' 1""",180 lbs,0.8750,Mergenthaler Vocational,Pikesville,MD,Uncommitted,https://247sports.com/player/brandon-jefferson-46160854/
202800197,2028,199,Chrys Black Jr.,ATH,"5' 8""",175 lbs,0.8700,Central Catholic,Pittsburgh,PA,Uncommitted,https://247sports.com/player/chrys-black-jr-46150435/
202800198,2028,199,Amos Augustine,WR,"6' 1""",185 lbs,0.8700,Perry,Gilbert,AZ,Uncommitted,https://247sports.com/player/amos-augustine-46150502/
202800199,2028,199,Darren Tubbs,WR,"5' 10""",175 lbs,0.8700,St. John Bosco,Bellflower,CA,Uncommitted,https://247sports.com/player/darren-tubbs-46150780/
202800200,2028,199,Ace Amina,QB,"6' 0""",180 lbs,0.8700,Bishop Gorman,Las Vegas,NV,Uncommitted,https://247sports.com/player/ace-amina-46150781/
202800201,2028,199,Oscar Sloan,QB,"6' 2""",170 lbs,0.8700,Center Grove,Greenwood,IN,Uncommitted,https://247sports.com/player/oscar-sloan-46150827/
202800202,2028,199,Kristopher Grimaldo,LB,"6' 0""",220 lbs,0.8700,Gunter,Gunter,TX,Uncommitted,https://247sports.com/player/kristopher-grimaldo-46151856/
202800203,2028,199,Noah Seufale,IOL,"6' 4""",330 lbs,0.8700,Orem,Orem,UT,Uncommitted,https://247sports.com/player/noah-seufale-46152852/
202800204,2028,199,Chase Curren,QB,"6' 2""",190 lbs,0.8700,Crespi,Encino,CA,Uncommitted,https://247sports.com/player/chase-curren-46152885/
202800205,2028,199,Kaleb Aiava,LB,"6' 0""",190 lbs,0.8700,Servite,Anaheim,CA,Uncommitted,https://247sports.com/player/kaleb-aiava-46153038/
202800206,2028,199,Jayden Lewis,ATH,"6' 1""",210 lbs,0.8700,St. Francis,Mountain View,CA,Uncommitted,https://247sports.com/player/jayden-lewis-46153169/
202800207,2028,199,Dietrick Burks Jr.,ATH,"6' 1""",155 lbs,0.8700,San Ramon Valley,Danville,CA,Uncommitted,https://247sports.com/player/dietrick-burks-jr-46153601/
202800208,2028,199,Simote Tupou,Edge,"6' 1""",235 lbs,0.8700,Pinecrest Academy Sloan Canyon,Henderson,NV,Arizona,https://247sports.com/player/simote-tupou-46154657/
202800209,2028,199,Jaxson Carper,QB,"6' 3""",160 lbs,0.8700,St. Bonaventure,Ventura,CA,Uncommitted,https://247sports.com/player/jaxson-carper-46155131/
202800210,2028,199,Malaki Davis,RB,"6' 0""",185 lbs,0.8700,Centennial,Corona,CA,Uncommitted,https://247sports.com/player/malaki-davis-46155391/
202800211,2028,199,Samiu Taukiuvea,OT,"6' 5""",270 lbs,0.8700,Hunter,Salt Lake City,UT,Uncommitted,https://247sports.com/player/samiu-taukiuvea-46156375/
202800212,2028,199,Tano Wooten,WR,"6' 0""",180 lbs,0.8700,Shoemaker,Killeen,TX,Uncommitted,https://247sports.com/player/tano-wooten-46156838/
202800213,2028,199,Takeshi Savery,Edge,"6' 2""",245 lbs,0.8700,West,Salt Lake City,UT,Uncommitted,https://247sports.com/player/takeshi-savery-46157220/
202800214,2028,199,Jayden Thompson,OT,"6' 4""",280 lbs,0.8700,Lovejoy,Lucas,TX,Uncommitted,https://247sports.com/player/jayden-thompson-46157690/
202800215,2028,199,Kris Scott,IOL,"6' 4""",290 lbs,0.8700,Taft,Cincinnati,OH,Uncommitted,https://247sports.com/player/kris-scott-46158392/
202800216,2028,199,Hayden Koo,WR,"6' 1""",170 lbs,0.8700,Tustin,Tustin,CA,Uncommitted,https://247sports.com/player/hayden-koo-46160228/
202800217,2028,199,Kacey Allen,S,"6' 1""",180 lbs,0.8700,Hamilton,Chandler,AZ,Uncommitted,https://247sports.com/player/kacey-allen-46160293/
202800218,2028,199,Xavier Harding,Edge,"6' 3""",215 lbs,0.8700,Avonworth,Pittsburgh,PA,Uncommitted,https://247sports.com/player/xavier-harding-46160882/
202800219,2028,221,Jackson Stecher,QB,"6' 1""",185 lbs,0.8650,Lake Brantley,Altamonte Springs,FL,Uncommitted,https://247sports.com/player/jackson-stecher-46150507/
202800220,2028,221,Ayden Edwards,QB,"6' 4""",195 lbs,0.8650,Tustin,Tustin,CA,Uncommitted,https://247sports.com/player/ayden-edwards-46151042/
202800221,2028,223,Russell Sekona,QB,"6' 2""",230 lbs,0.8600,Leuzinger,Lawndale,CA,Uncommitted,https://247sports.com/player/russell-sekona-46152716/
202800222,2028,223,Josiah Boyd,QB,"6' 3""",165 lbs,0.8600,Vista Del Lago,Moreno Valley,CA,Uncommitted,https://247sports.com/player/josiah-boyd-46153403/
202800223,2028,223,Xander Odenyo,WR,"6' 3""",200 lbs,0.8600,Tabor Academy,Marion,MA,Uncommitted,https://247sports.com/player/xander-odenyo-46161806/
202800224,2028,223,Jaelynn Brown,WR,"6' 2""",205 lbs,0.8600,Vista Del Lago,Moreno Valley,CA,Uncommitted,https://247sports.com/player/jaelynn-brown-46162175/
202800225,2028,227,Jaxson Sculley,QB,"6' 3""",175 lbs,0.8500,Hamilton,Chandler,AZ,Uncommitted,https://247sports.com/player/jaxson-sculley-46154798/
202800226,2028,227,Star Thomas,QB,"5' 11""",190 lbs,0.8500,Orange,Orange,CA,Uncommitted,https://247sports.com/player/star-thomas-46155095/
202800227,2028,227,Jemel Grigsby,ATH,"5' 9""",175 lbs,0.8500,Woodrow Wilson,Long Beach,CA,Uncommitted,https://247sports.com/player/jemel-grigsby-46162152/
