Player,Player_ID,Player_Link,team_name_abbr,conf_abbr,games,pass_cmp,pass_att,pass_cmp_pct,pass_yds,pass_td,pass_td_pct,pass_int,pass_int_pct,pass_yds_per_att,pass_adj_yds_per_att,pass_yds_per_cmp,pass_yds_per_g,pass_rating,awards,Year
Patrick Mahomes,patrick-mahomes-1,/cfb/players/patrick-mahomes-1.html,Texas Tech,Big 12,12,388,591,65.7,5052,41,6.9,10,1.7,8.5,9.17,13.0,421.0,157.0,,2016
Ryan Higgins,ryan-higgins-1,/cfb/players/ryan-higgins-1.html,Louisiana Tech,CUSA,13,329,496,66.3,4617,41,8.3,8,1.6,9.3,10.24,14.0,355.2,168.6,,2016
Deshaun Watson,deshaun-watson-1,/cfb/players/deshaun-watson-1.html,Clemson,ACC,15,388,579,67.0,4593,41,7.1,17,2.9,7.9,8.03,11.8,306.2,151.1,H-2,2016
Luke Falk,luke-falk-1,/cfb/players/luke-falk-1.html,Washington State,Pac-12,13,443,633,70.0,4468,38,6.0,11,1.7,7.1,7.48,10.1,343.7,145.6,,2016
Mike White,mike-white-6,/cfb/players/mike-white-6.html,Western Kentucky,CUSA,14,280,416,67.3,4363,37,8.9,7,1.7,10.5,11.51,15.6,311.6,181.4,,2016
Davis Webb,davis-webb-1,/cfb/players/davis-webb-1.html,California,Pac-12,12,382,620,61.6,4295,37,6.0,12,1.9,6.9,7.25,11.2,357.9,135.6,,2016
Logan Woodside,logan-woodside-1,/cfb/players/logan-woodside-1.html,Toledo,MAC,13,289,418,69.1,4129,45,10.8,9,2.2,9.9,11.06,14.3,317.6,183.3,,2016
Mason Rudolph,mason-rudolph-1,/cfb/players/mason-rudolph-1.html,Oklahoma State,Big 12,13,284,448,63.4,4091,28,6.3,4,0.9,9.1,9.98,14.4,314.7,158.9,,2016
Baker Mayfield,baker-mayfield-1,/cfb/players/baker-mayfield-1.html,Oklahoma,Big 12,13,254,358,70.9,3965,40,11.2,8,2.2,11.1,12.30,15.6,305.0,196.4,H-3,2016
Mitch Trubisky,mitch-trubisky-1,/cfb/players/mitch-trubisky-1.html,North Carolina,ACC,13,304,447,68.0,3748,30,6.7,6,1.3,8.4,9.12,12.3,288.3,157.9,,2016
Riley Ferguson,riley-ferguson-1,/cfb/players/riley-ferguson-1.html,Memphis,American,13,280,443,63.2,3698,32,7.2,10,2.3,8.3,8.78,13.2,284.5,152.6,,2016
Brett Rypien,brett-rypien-1,/cfb/players/brett-rypien-1.html,Boise State,MWC,13,244,394,61.9,3646,24,6.1,8,2.0,9.3,9.56,14.9,280.5,155.7,,2016
Trace McSorley,trace-mcsorley-1,/cfb/players/trace-mcsorley-1.html,Penn State,Big Ten,14,224,387,57.9,3614,29,7.5,8,2.1,9.3,9.91,16.1,258.1,156.9,,2016
Greg Ward Jr.,greg-ward-jr-1,/cfb/players/greg-ward-jr-1.html,Houston,American,12,319,469,68.0,3557,22,4.7,13,2.8,7.6,7.28,11.2,296.4,141.7,,2016
Jerod Evans,jerod-evans-1,/cfb/players/jerod-evans-1.html,Virginia Tech,ACC,14,268,422,63.5,3552,29,6.9,8,1.9,8.4,8.94,13.3,253.7,153.1,,2016
Lamar Jackson,lamar-jackson-1,/cfb/players/lamar-jackson-1.html,Louisville,ACC,13,230,409,56.2,3543,30,7.3,9,2.2,8.7,9.14,15.4,272.5,148.8,"H-1,Maxwell,AA,Camp",2016
Cooper Rush,cooper-rush-1,/cfb/players/cooper-rush-1.html,Central Michigan,MAC,13,278,465,59.8,3540,23,4.9,16,3.4,7.6,7.05,12.7,272.3,133.2,,2016
Zach Terrell,zach-terrell-1,/cfb/players/zach-terrell-1.html,Western Michigan,MAC,14,263,377,69.8,3533,33,8.8,4,1.1,9.4,10.64,13.4,252.4,175.2,,2016
Brad Kaaya,brad-kaaya-1,/cfb/players/brad-kaaya-1.html,Miami (FL),ACC,13,261,421,62.0,3532,27,6.4,7,1.7,8.4,8.92,13.5,271.7,150.3,,2016
Austin Allen,austin-allen-1,/cfb/players/austin-allen-1.html,Arkansas,SEC,13,245,401,61.1,3430,25,6.2,15,3.7,8.6,8.12,14.0,263.8,146.0,,2016
Jake Browning,jake-browning-1,/cfb/players/jake-browning-1.html,Washington,Pac-12,14,243,391,62.1,3430,43,11.0,9,2.3,8.8,9.94,14.1,245.0,167.5,H-6,2016
Drew Lock,drew-lock-1,/cfb/players/drew-lock-1.html,Missouri,SEC,12,237,434,54.6,3399,23,5.3,10,2.3,7.8,7.85,14.3,283.3,133.3,,2016
Richard Lagow,richard-lagow-1,/cfb/players/richard-lagow-1.html,Indiana,Big Ten,13,253,438,57.8,3362,19,4.3,17,3.9,7.7,6.80,13.3,258.6,128.8,,2016
David Blough,david-blough-1,/cfb/players/david-blough-1.html,Purdue,Big Ten,12,295,517,57.1,3352,25,4.8,21,4.1,6.5,5.62,11.4,279.3,119.4,,2016
Deondre Francois,deondre-francois-1,/cfb/players/deondre-francois-1.html,Florida State,ACC,13,235,400,58.8,3350,20,5.0,7,1.8,8.4,8.59,14.3,257.7,142.1,,2016
Dane Evans,dane-evans-1,/cfb/players/dane-evans-1.html,Tulsa,American,13,259,435,59.5,3348,32,7.4,12,2.8,7.7,7.93,12.9,257.5,142.9,,2016
Skyler Howard,skyler-howard-1,/cfb/players/skyler-howard-1.html,West Virginia,Big 12,13,247,404,61.1,3328,26,6.4,10,2.5,8.2,8.41,13.5,256.0,146.6,,2016
P.J. Walker,pj-walker-1,/cfb/players/pj-walker-1.html,Temple,American,14,230,395,58.2,3295,22,5.6,13,3.3,8.3,7.97,14.3,235.4,140.1,,2016
Nick Mullens,nick-mullens-1,/cfb/players/nick-mullens-1.html,Southern Mississippi,CUSA,11,243,384,63.3,3272,24,6.3,11,2.9,8.5,8.48,13.5,297.5,149.8,,2016
Brent Stockstill,brent-stockstill-1,/cfb/players/brent-stockstill-1.html,Middle Tennessee State,CUSA,10,262,414,63.3,3233,31,7.5,7,1.7,7.8,8.55,12.3,323.3,150.2,,2016
Kenny Hill,kenny-hill-1,/cfb/players/kenny-hill-1.html,Texas Christian,Big 12,13,269,440,61.1,3208,17,3.9,13,3.0,7.3,6.73,11.9,246.8,129.2,,2016
Josh Allen,josh-allen-7,/cfb/players/josh-allen-7.html,Wyoming,MWC,14,209,373,56.0,3203,28,7.5,15,4.0,8.6,8.28,15.3,228.8,144.9,,2016
Matt Linehan,matt-linehan-1,/cfb/players/matt-linehan-1.html,Idaho,Sun Belt,13,257,415,61.9,3184,19,4.6,10,2.4,7.7,7.50,12.4,244.9,136.7,,2016
Clayton Thorson,clayton-thorson-1,/cfb/players/clayton-thorson-1.html,Northwestern,Big Ten,13,280,478,58.6,3182,22,4.6,9,1.9,6.7,6.73,11.4,244.8,125.9,,2016
Brandon Silvers,brandon-silvers-2,/cfb/players/brandon-silvers-2.html,Troy,Sun Belt,13,293,460,63.7,3180,23,5.0,12,2.6,6.9,6.74,10.9,244.6,133.0,,2016
Sam Darnold,sam-darnold-1,/cfb/players/sam-darnold-1.html,USC,Pac-12,13,246,366,67.2,3086,31,8.5,9,2.5,8.4,9.02,12.5,237.4,161.1,,2016
Ryan Finley,ryan-finley-1,/cfb/players/ryan-finley-1.html,North Carolina State,ACC,13,243,402,60.4,3055,18,4.5,8,2.0,7.6,7.60,12.6,235.0,135.1,,2016
Shane Buechele,shane-buechele-1,/cfb/players/shane-buechele-1.html,Texas,Big 12,12,236,391,60.4,2958,21,5.4,11,2.8,7.6,7.37,12.5,246.5,136.0,,2016
Joshua Dobbs,joshua-dobbs-1,/cfb/players/joshua-dobbs-1.html,Tennessee,SEC,13,225,357,63.0,2946,27,7.6,12,3.4,8.3,8.25,13.1,226.6,150.6,,2016
Ben Hicks,ben-hicks-1,/cfb/players/ben-hicks-1.html,SMU,American,12,234,422,55.5,2930,19,4.5,15,3.6,6.9,6.24,12.5,244.2,121.5,,2016
DeShone Kizer,deshone-kizer-1,/cfb/players/deshone-kizer-1.html,Notre Dame,Ind,12,212,361,58.7,2925,26,7.2,9,2.5,8.1,8.42,13.8,243.8,145.6,,2016
Nathan Peterman,nathan-peterman-1,/cfb/players/nathan-peterman-1.html,Pitt,ACC,13,185,306,60.5,2855,27,8.8,7,2.3,9.3,10.07,15.4,219.6,163.4,,2016
Daniel Jones,daniel-jones-4,/cfb/players/daniel-jones-4.html,Duke,ACC,12,270,430,62.8,2836,16,3.7,9,2.1,6.6,6.40,10.5,236.3,126.3,,2016
David Washington,david-washington-4,/cfb/players/david-washington-4.html,Old Dominion,CUSA,13,202,340,59.4,2836,31,9.1,5,1.5,8.3,9.50,14.0,218.2,156.6,,2016
Quinton Flowers,quinton-flowers-1,/cfb/players/quinton-flowers-1.html,South Florida,American,13,207,331,62.5,2812,24,7.3,7,2.1,8.5,8.99,13.6,216.3,153.6,,2016
Jalen Hurts,jalen-hurts-1,/cfb/players/jalen-hurts-1.html,Alabama,SEC,15,240,382,62.8,2780,23,6.0,9,2.4,7.3,7.42,11.6,185.3,139.1,,2016
Chad Kelly,chad-kelly-1,/cfb/players/chad-kelly-1.html,Ole Miss,SEC,9,205,328,62.5,2758,19,5.8,8,2.4,8.4,8.47,13.5,306.4,147.4,,2016
Troy Williams,troy-williams-2,/cfb/players/troy-williams-2.html,Utah,Pac-12,13,207,390,53.1,2757,15,3.8,8,2.1,7.1,6.92,13.3,212.1,121.0,,2016
Justice Hansen,justice-hansen-1,/cfb/players/justice-hansen-1.html,Arkansas State,Sun Belt,13,197,340,57.9,2719,19,5.6,8,2.4,8.0,8.06,13.8,209.2,138.9,,2016
Dallas Davis,dallas-davis-2,/cfb/players/dallas-davis-2.html,South Alabama,Sun Belt,11,198,349,56.7,2706,11,3.2,12,3.4,7.8,6.84,13.7,246.0,125.4,,2016
Brogan Roback,brogan-roback-1,/cfb/players/brogan-roback-1.html,Eastern Michigan,MAC,10,219,372,58.9,2694,18,4.8,7,1.9,7.2,7.36,12.3,269.4,131.9,,2016
Conner Manning,conner-manning-1,/cfb/players/conner-manning-1.html,Georgia State,Sun Belt,10,207,373,55.5,2684,16,4.3,13,3.5,7.2,6.49,13.0,268.4,123.1,,2016
Eric Dungey,eric-dungey-1,/cfb/players/eric-dungey-1.html,Syracuse,ACC,9,230,355,64.8,2679,15,4.2,7,2.0,7.5,7.50,11.6,297.7,138.2,,2016
Andrew Ford,andrew-ford-1,/cfb/players/andrew-ford-1.html,Massachusetts,Ind,11,222,365,60.8,2665,26,7.1,14,3.8,7.3,7.00,12.0,242.3,138.0,,2016
Philip Nelson,philip-nelson-1,/cfb/players/philip-nelson-1.html,East Carolina,American,10,237,349,67.9,2621,16,4.6,8,2.3,7.5,7.40,11.1,262.1,141.5,,2016
Chase Litton,chase-litton-1,/cfb/players/chase-litton-1.html,Marshall,CUSA,10,231,371,62.3,2612,24,6.5,9,2.4,7.0,7.24,11.3,261.2,137.9,,2016
Tyler Rogers,tyler-rogers-1,/cfb/players/tyler-rogers-1.html,New Mexico State,Sun Belt,11,224,404,55.4,2603,16,4.0,12,3.0,6.4,5.90,11.6,236.6,116.7,,2016
J.T. Barrett,jt-barrett-1,/cfb/players/jt-barrett-1.html,Ohio State,Big Ten,13,233,379,61.5,2555,24,6.3,7,1.8,6.7,7.18,11.0,196.5,135.3,,2016
Kurt Benkert,kurt-benkert-1,/cfb/players/kurt-benkert-1.html,Virginia,ACC,11,228,406,56.2,2552,21,5.2,11,2.7,6.3,6.10,11.2,232.0,120.6,,2016
Riley Neal,riley-neal-1,/cfb/players/riley-neal-1.html,Ball State,MAC,11,242,394,61.4,2541,13,3.3,12,3.0,6.4,5.74,10.5,231.0,120.4,,2016
Wilton Speight,wilton-speight-1,/cfb/players/wilton-speight-1.html,Michigan,Big Ten,12,204,331,61.6,2538,18,5.4,7,2.1,7.7,7.80,12.4,211.5,139.8,,2016
Dru Brown,dru-brown-1,/cfb/players/dru-brown-1.html,Hawaii,MWC,13,209,335,62.4,2488,19,5.7,7,2.1,7.4,7.62,11.9,191.4,139.3,,2016
Trevor Knight,trevor-knight-1,/cfb/players/trevor-knight-1.html,Texas A&M,SEC,11,193,362,53.3,2432,19,5.2,7,1.9,6.7,6.90,12.6,221.1,123.2,,2016
Jacob Eason,jacob-eason-1,/cfb/players/jacob-eason-1.html,Georgia,SEC,13,204,370,55.1,2430,16,4.3,8,2.2,6.6,6.46,11.9,186.9,120.2,,2016
Nick Fitzgerald,nick-fitzgerald-2,/cfb/players/nick-fitzgerald-2.html,Mississippi State,SEC,13,196,361,54.3,2423,21,5.8,10,2.8,6.7,6.63,12.4,186.4,124.3,,2016
Jason Driskel,jason-driskel-1,/cfb/players/jason-driskel-1.html,Florida Atlantic,CUSA,12,200,327,61.2,2415,9,2.8,11,3.4,7.4,6.42,12.1,201.3,125.6,,2016
Kyle Shurmur,kyle-shurmur-1,/cfb/players/kyle-shurmur-1.html,Vanderbilt,SEC,13,204,375,54.4,2409,9,2.4,10,2.7,6.4,5.70,11.8,185.3,110.9,,2016
Kent Myers,kent-myers-1,/cfb/players/kent-myers-1.html,Utah State,MWC,12,211,361,58.4,2389,10,2.8,8,2.2,6.6,6.17,11.3,199.1,118.7,,2016
Sefo Liufau,sefo-liufau-1,/cfb/players/sefo-liufau-1.html,Colorado,Pac-12,12,200,319,62.7,2366,11,3.4,6,1.9,7.4,7.26,11.8,197.2,132.6,,2016
Manny Wilkins,manny-wilkins-1,/cfb/players/manny-wilkins-1.html,Arizona State,Pac-12,10,197,311,63.3,2329,12,3.9,9,2.9,7.5,6.96,11.8,232.9,133.2,,2016
Taysom Hill,taysom-hill-1,/cfb/players/taysom-hill-1.html,BYU,Ind,12,222,372,59.7,2323,12,3.2,11,3.0,6.2,5.56,10.5,193.6,116.9,,2016
Taylor Lamb,taylor-lamb-1,/cfb/players/taylor-lamb-1.html,Appalachian State,Sun Belt,13,197,325,60.6,2281,15,4.6,8,2.5,7.0,6.83,11.6,175.5,129.9,,2016
Kenny Potter,kenny-potter-1,/cfb/players/kenny-potter-1.html,San Jose State,MWC,11,183,308,59.4,2273,16,5.2,10,3.2,7.4,6.96,12.4,206.6,132.1,,2016
Tyler Jones,tyler-jones-4,/cfb/players/tyler-jones-4.html,Texas State,Sun Belt,11,221,343,64.4,2186,11,3.2,14,4.1,6.4,5.18,9.9,198.7,120.4,,2016
Tommy Armstrong Jr.,tommy-armstrong-jr-1,/cfb/players/tommy-armstrong-jr-1.html,Nebraska,Big Ten,11,151,294,51.4,2180,14,4.8,8,2.7,7.4,7.14,14.4,198.2,123.9,,2016
Anthony Jennings,anthony-jennings-1,/cfb/players/anthony-jennings-1.html,Louisiana,Sun Belt,13,193,323,59.8,2178,11,3.4,13,4.0,6.7,5.61,11.3,167.5,119.6,,2016
Dalton Sturm,dalton-sturm-1,/cfb/players/dalton-sturm-1.html,UTSA,CUSA,13,169,299,56.5,2170,20,6.7,6,2.0,7.3,7.69,12.8,166.9,135.5,,2016
Mitch Leidner,mitch-leidner-1,/cfb/players/mitch-leidner-1.html,Minnesota,Big Ten,12,173,307,56.4,2169,8,2.6,12,3.9,7.1,5.83,12.5,180.8,116.5,,2016
Seth Russell,seth-russell-1,/cfb/players/seth-russell-1.html,Baylor,Big 12,9,152,278,54.7,2126,20,7.2,8,2.9,7.6,7.79,14.0,236.2,136.9,,2016
Danny Etling,danny-etling-1,/cfb/players/danny-etling-1.html,LSU,SEC,11,160,269,59.5,2123,11,4.1,5,1.9,7.9,7.87,13.3,193.0,135.6,,2016
James Morgan,james-morgan-1,/cfb/players/james-morgan-1.html,Bowling Green,MAC,12,183,326,56.1,2082,16,4.9,15,4.6,6.4,5.30,11.4,173.5,116.8,,2016
Tommy Woodson,tommy-woodson-1,/cfb/players/tommy-woodson-1.html,Akron,MAC,8,146,242,60.3,2079,18,7.4,6,2.5,8.6,8.96,14.2,259.9,152.1,,2016
Tyler Stehling,tyler-stehling-1,/cfb/players/tyler-stehling-1.html,Rice,CUSA,11,194,316,61.4,2049,12,3.8,7,2.2,6.5,6.25,10.6,186.3,124.0,,2016
Stephen Johnson,stephen-johnson-8,/cfb/players/stephen-johnson-8.html,Kentucky,SEC,12,145,265,54.7,2037,13,4.9,6,2.3,7.7,7.65,14.0,169.8,130.9,,2016
Chason Virgil,chason-virgil-1,/cfb/players/chason-virgil-1.html,Fresno State,MWC,10,166,322,51.6,2021,13,4.0,10,3.1,6.3,5.69,12.2,202.1,111.4,,2016
Bryant Shirreffs,bryant-shirreffs-1,/cfb/players/bryant-shirreffs-1.html,Connecticut,American,9,166,283,58.7,2010,7,2.5,6,2.1,7.1,6.64,12.1,223.3,122.2,,2016
Christian Chapman,christian-chapman-1,/cfb/players/christian-chapman-1.html,San Diego State,MWC,14,153,251,61.0,1994,20,8.0,6,2.4,7.9,8.46,13.0,142.4,149.2,,2016
McKenzie Milton,mckenzie-milton-1,/cfb/players/mckenzie-milton-1.html,UCF,American,10,194,336,57.7,1983,10,3.0,7,2.1,5.9,5.56,10.2,198.3,113.0,,2016
Tyler O'Connor,tyler-oconnor-1,/cfb/players/tyler-oconnor-1.html,Michigan State,Big Ten,11,154,262,58.8,1970,16,6.1,9,3.4,7.5,7.19,12.8,179.1,135.2,,2016
Justin Herbert,justin-herbert-1,/cfb/players/justin-herbert-1.html,Oregon,Pac-12,9,162,255,63.5,1936,19,7.5,4,1.6,7.6,8.38,12.0,215.1,148.8,,2016
Nick Stevens,nick-stevens-1,/cfb/players/nick-stevens-1.html,Colorado State,MWC,10,129,201,64.2,1936,19,9.5,5,2.5,9.6,10.40,15.0,193.6,171.3,,2016
C.J. Beathard,cj-beathard-1,/cfb/players/cj-beathard-1.html,Iowa,Big Ten,13,170,301,56.5,1929,17,5.6,10,3.3,6.4,6.04,11.3,148.4,122.3,,2016
Josh Rosen,josh-rosen-1,/cfb/players/josh-rosen-1.html,UCLA,Pac-12,6,137,231,59.3,1915,10,4.3,5,2.2,8.3,8.18,14.0,319.2,138.9,,2016
Greg Windham,greg-windham-1,/cfb/players/greg-windham-1.html,Ohio,MAC,11,161,297,54.2,1895,14,4.7,8,2.7,6.4,6.11,11.8,172.3,118.0,,2016
Alex McGough,alex-mcgough-1,/cfb/players/alex-mcgough-1.html,Florida International,CUSA,9,167,286,58.4,1891,13,4.5,11,3.8,6.6,5.79,11.3,210.1,121.2,,2016
Jacob Park,jacob-park-1,/cfb/players/jacob-park-1.html,Iowa State,Big 12,10,133,226,58.8,1791,12,5.3,5,2.2,7.9,7.99,13.5,179.1,138.5,,2016
John Wolford,john-wolford-1,/cfb/players/john-wolford-1.html,Wake Forest,ACC,12,166,299,55.5,1774,9,3.0,10,3.3,5.9,5.03,10.7,147.8,108.6,,2016
Tyree Jackson,tyree-jackson-1,/cfb/players/tyree-jackson-1.html,Buffalo,MAC,10,165,311,53.1,1772,9,2.9,9,2.9,5.7,4.97,10.7,177.2,104.7,,2016
Jesse Ertz,jesse-ertz-1,/cfb/players/jesse-ertz-1.html,Kansas State,Big 12,13,152,264,57.6,1755,9,3.4,4,1.5,6.6,6.65,11.5,135.0,121.6,,2016
Hayden Moore,hayden-moore-1,/cfb/players/hayden-moore-1.html,Cincinnati,American,7,146,255,57.3,1744,11,4.3,7,2.7,6.8,6.47,11.9,249.1,123.4,,2016
Patrick Towles,patrick-towles-1,/cfb/players/patrick-towles-1.html,Boston College,ACC,13,138,273,50.5,1730,12,4.4,7,2.6,6.3,6.06,12.5,133.1,113.2,,2016
Sean White,sean-white-3,/cfb/players/sean-white-3.html,Auburn,SEC,11,133,208,63.9,1679,9,4.3,3,1.4,8.1,8.29,12.6,152.6,143.1,,2016
Mike Fafaul,mike-fafaul-1,/cfb/players/mike-fafaul-1.html,UCLA,Pac-12,12,135,259,52.1,1602,12,4.6,11,4.2,6.2,5.20,11.9,133.5,110.9,,2016
Mason Fine,mason-fine-1,/cfb/players/mason-fine-1.html,North Texas,CUSA,10,155,261,59.4,1572,6,2.3,5,1.9,6.0,5.62,10.1,157.2,113.7,,2016
Justin Thomas,justin-thomas-3,/cfb/players/justin-thomas-3.html,Georgia Tech,ACC,12,79,148,53.4,1559,8,5.4,2,1.4,10.5,11.01,19.7,129.9,157.0,,2016
Gus Ragland,gus-ragland-1,/cfb/players/gus-ragland-1.html,Miami (OH),MAC,7,115,179,64.2,1537,17,9.5,1,0.6,8.6,10.23,13.4,219.6,166.6,,2016
Zach Smith,zach-smith-6,/cfb/players/zach-smith-6.html,Baylor,Big 12,10,116,196,59.2,1526,13,6.6,7,3.6,7.8,7.51,13.2,152.6,139.3,,2016
Perry Hills,perry-hills-1,/cfb/players/perry-hills-1.html,Maryland,Big Ten,11,122,197,61.9,1464,12,6.1,4,2.0,7.4,7.74,12.0,133.1,140.4,,2016
Austin Appleby,austin-appleby-1,/cfb/players/austin-appleby-1.html,Florida,SEC,9,127,209,60.8,1447,10,4.8,7,3.3,6.9,6.37,11.4,160.8,128.0,,2016
Jake Bentley,jake-bentley-2,/cfb/players/jake-bentley-2.html,South Carolina,SEC,7,125,190,65.8,1420,9,4.7,4,2.1,7.5,7.47,11.4,202.9,140.0,,2016
Will Worth,will-worth-1,/cfb/players/will-worth-1.html,Navy,American,12,72,117,61.5,1397,8,6.8,3,2.6,11.9,12.15,19.4,116.4,179.3,,2016
Wes Lunt,wes-lunt-1,/cfb/players/wes-lunt-1.html,Illinois,Big Ten,8,127,232,54.7,1376,8,3.4,3,1.3,5.9,6.04,10.8,172.0,113.4,,2016
Ryan Metz,ryan-metz-1,/cfb/players/ryan-metz-1.html,UTEP,CUSA,11,130,201,64.7,1375,14,7.0,4,2.0,6.8,7.34,10.6,125.0,141.1,,2016
Luke Del Rio,luke-del-rio-1,/cfb/players/luke-del-rio-1.html,Florida,SEC,6,114,201,56.7,1358,8,4.0,8,4.0,6.8,5.76,11.9,226.3,118.6,,2016
Hasaan Klugh,hasaan-klugh-1,/cfb/players/hasaan-klugh-1.html,Charlotte,CUSA,11,120,224,53.6,1356,10,4.5,3,1.3,6.1,6.34,11.3,123.3,116.5,,2016
Brandon Dawkins,brandon-dawkins-2,/cfb/players/brandon-dawkins-2.html,Arizona,Pac-12,10,98,182,53.8,1348,8,4.4,6,3.3,7.4,6.80,13.8,134.8,124.0,,2016
Gardner Minshew,gardner-minshew-1,/cfb/players/gardner-minshew-1.html,East Carolina,American,7,119,202,58.9,1347,8,4.0,4,2.0,6.7,6.57,11.3,192.4,124.0,,2016
Glen Cuiellette,glen-cuiellette-1,/cfb/players/glen-cuiellette-1.html,Tulane,American,12,101,237,42.6,1309,10,4.2,8,3.4,5.5,4.85,13.0,109.1,96.2,,2016
Ty Gangi,ty-gangi-1,/cfb/players/ty-gangi-1.html,Nevada,MWC,10,99,172,57.6,1301,8,4.7,6,3.5,7.6,6.92,13.1,130.1,129.5,,2016
Joel Lanning,joel-lanning-2,/cfb/players/joel-lanning-2.html,Iowa State,Big 12,12,99,169,58.6,1290,9,5.3,3,1.8,7.6,7.90,13.0,107.5,136.7,,2016
Marcus McMaryion,marcus-mcmaryion-1,/cfb/players/marcus-mcmaryion-1.html,Oregon State,Pac-12,8,101,170,59.4,1286,10,5.9,5,2.9,7.6,7.42,12.7,160.8,136.5,,2016
Alex Hornibrook,alex-hornibrook-1,/cfb/players/alex-hornibrook-1.html,Wisconsin,Big Ten,13,106,181,58.6,1262,9,5.0,7,3.9,7.0,6.23,11.9,97.1,125.8,,2016
Quinton Maxwell,quinton-maxwell-1,/cfb/players/quinton-maxwell-1.html,Ohio,MAC,11,89,161,55.3,1247,8,5.0,4,2.5,7.7,7.62,14.0,113.4,131.8,,2016
Bart Houston,bart-houston-1,/cfb/players/bart-houston-1.html,Wisconsin,Big Ten,11,96,141,68.1,1245,5,3.5,3,2.1,8.8,8.58,13.0,113.2,149.7,,2016
Garrett Smith,garrett-smith-2,/cfb/players/garrett-smith-2.html,Louisiana-Monroe,Sun Belt,8,103,179,57.5,1237,9,5.0,7,3.9,6.9,6.16,12.0,154.6,124.4,,2016
Dakota Prukop,dakota-prukop-1,/cfb/players/dakota-prukop-1.html,Oregon,Pac-12,6,94,143,65.7,1214,8,5.6,2,1.4,8.5,8.98,12.9,202.3,152.7,,2016
Anthony Maddie,anthony-maddie-1,/cfb/players/anthony-maddie-1.html,Northern Illinois,MAC,7,105,175,60.0,1213,8,4.6,5,2.9,6.9,6.56,11.6,173.3,127.6,,2016
Nate Romine,nate-romine-1,/cfb/players/nate-romine-1.html,Air Force,MWC,9,45,108,41.7,1206,10,9.3,4,3.7,11.2,11.35,26.8,134.0,158.6,,2016
Tyler Stewart,tyler-stewart-1,/cfb/players/tyler-stewart-1.html,Nevada,MWC,8,110,174,63.2,1161,9,5.2,3,1.7,6.7,6.93,10.6,145.1,132.9,,2016
Billy Bahl,billy-bahl-1,/cfb/players/billy-bahl-1.html,Miami (OH),MAC,5,69,125,55.2,1154,8,6.4,4,3.2,9.2,9.07,16.7,230.8,147.5,,2016
Ryan Burns,ryan-burns-1,/cfb/players/ryan-burns-1.html,Stanford,Pac-12,11,102,167,61.1,1151,5,3.0,7,4.2,6.9,5.60,11.3,104.6,120.5,,2016
Alec Morris,alec-morris-1,/cfb/players/alec-morris-1.html,North Texas,CUSA,7,105,185,56.8,1126,9,4.9,7,3.8,6.1,5.36,10.7,160.9,116.4,,2016
Collin Hill,collin-hill-1,/cfb/players/collin-hill-1.html,Colorado State,MWC,5,75,129,58.1,1096,8,6.2,2,1.6,8.5,9.04,14.6,219.2,146.9,,2016
Steven Montez,steven-montez-1,/cfb/players/steven-montez-1.html,Colorado,Pac-12,11,83,140,59.3,1078,9,6.4,5,3.6,7.7,7.38,13.0,98.0,138.0,,2016
Montell Cozart,montell-cozart-1,/cfb/players/montell-cozart-1.html,Kansas,Big 12,8,112,191,58.6,1075,7,3.7,9,4.7,5.6,4.24,9.6,134.4,108.6,,2016
Todd Porter,todd-porter-1,/cfb/players/todd-porter-1.html,Eastern Michigan,MAC,5,87,142,61.3,1064,7,4.9,9,6.3,7.5,5.63,12.2,212.8,127.8,,2016
Carter Stanley,carter-stanley-1,/cfb/players/carter-stanley-1.html,Kansas,Big 12,9,93,156,59.6,959,6,3.8,6,3.8,6.1,5.19,10.3,106.6,116.3,,2016
Zack Mahoney,zack-mahoney-1,/cfb/players/zack-mahoney-1.html,Syracuse,ACC,10,82,135,60.7,943,8,5.9,4,3.0,7.0,6.84,11.5,94.3,133.0,,2016
Keller Chryst,keller-chryst-1,/cfb/players/keller-chryst-1.html,Stanford,Pac-12,12,77,136,56.6,905,10,7.4,2,1.5,6.7,7.46,11.8,75.4,133.8,,2016
Giovanni Rescigno,giovanni-rescigno-1,/cfb/players/giovanni-rescigno-1.html,Rutgers,Big Ten,7,86,163,52.8,889,5,3.1,5,3.1,5.5,4.69,10.3,127.0,102.6,,2016
Jake Hubenak,jake-hubenak-1,/cfb/players/jake-hubenak-1.html,Texas A&M,SEC,7,61,104,58.7,884,6,5.8,2,1.9,8.5,8.79,14.5,126.3,145.2,,2016
Shea Patterson,shea-patterson-1,/cfb/players/shea-patterson-1.html,Ole Miss,SEC,3,72,132,54.5,880,6,4.5,3,2.3,6.7,6.55,12.2,293.3,121.0,,2016
Kevin Ellison,kevin-ellison-3,/cfb/players/kevin-ellison-3.html,Georgia Southern,Sun Belt,11,66,106,62.3,871,8,7.5,3,2.8,8.2,8.45,13.2,79.2,150.5,,2016
Nick Holley,nick-holley-1,/cfb/players/nick-holley-1.html,Kent State,MAC,11,72,146,49.3,868,4,2.7,3,2.1,5.9,5.57,12.1,78.9,104.2,,2016
Kevin Olsen,kevin-olsen-1,/cfb/players/kevin-olsen-1.html,Charlotte,CUSA,6,87,175,49.7,842,6,3.4,3,1.7,4.8,4.73,9.7,140.3,98.0,,2016
Caleb Evans,caleb-evans-2,/cfb/players/caleb-evans-2.html,Louisiana-Monroe,Sun Belt,7,76,144,52.8,834,4,2.8,6,4.2,5.8,4.47,11.0,119.1,102.3,,2016
John Urzua,john-urzua-1,/cfb/players/john-urzua-1.html,Middle Tennessee State,CUSA,5,78,131,59.5,816,8,6.1,8,6.1,6.2,4.70,10.5,163.2,119.8,,2016
Ryan Willis,ryan-willis-2,/cfb/players/ryan-willis-2.html,Kansas,Big 12,7,72,117,61.5,811,3,2.6,7,6.0,6.9,4.75,11.3,115.9,116.3,,2016
Gunner Kiel,gunner-kiel-1,/cfb/players/gunner-kiel-1.html,Cincinnati,American,6,66,127,52.0,804,6,4.7,2,1.6,6.3,6.57,12.2,134.0,117.6,,2016
Chris Laviano,chris-laviano-1,/cfb/players/chris-laviano-1.html,Rutgers,Big Ten,7,70,145,48.3,748,5,3.4,2,1.4,5.2,5.23,10.7,106.9,100.2,,2016
Ahmad Bradshaw,ahmad-bradshaw-2,/cfb/players/ahmad-bradshaw-2.html,Army,Ind,12,40,91,44.0,703,4,4.4,9,9.9,7.7,4.15,17.6,58.6,103.6,,2016
Tra'Von Chapman,travon-chapman-1,/cfb/players/travon-chapman-1.html,Akron,MAC,10,54,117,46.2,700,5,4.3,5,4.3,6.0,4.91,13.0,70.0,102.0,,2016
Zack Greenlee,zack-greenlee-1,/cfb/players/zack-greenlee-1.html,UTEP,CUSA,7,52,103,50.5,695,5,4.9,3,2.9,6.7,6.41,13.4,99.3,117.4,,2016
Lamar Jordan,lamar-jordan-1,/cfb/players/lamar-jordan-1.html,New Mexico,MWC,12,40,75,53.3,681,6,8.0,4,5.3,9.1,8.28,17.0,56.8,145.3,,2016
Ryan Graham,ryan-graham-1,/cfb/players/ryan-graham-1.html,Northern Illinois,MAC,9,71,127,55.9,680,8,6.3,6,4.7,5.4,4.49,9.6,75.6,112.2,,2016
Johnny Stanton,johnny-stanton-1,/cfb/players/johnny-stanton-1.html,Nevada-Las Vegas,MWC,5,50,107,46.7,676,6,5.6,6,5.6,6.3,4.92,13.5,135.2,107.1,,2016
Perry Orth,perry-orth-1,/cfb/players/perry-orth-1.html,South Carolina,SEC,6,57,90,63.3,661,0,0.0,2,2.2,7.3,6.34,11.6,110.2,120.6,,2016
Austin Apodaca,austin-apodaca-1,/cfb/players/austin-apodaca-1.html,New Mexico,MWC,10,53,98,54.1,654,5,5.1,2,2.0,6.7,6.78,12.3,65.4,122.9,,2016
Kurt Palandech,kurt-palandech-1,/cfb/players/kurt-palandech-1.html,Nevada-Las Vegas,MWC,11,49,97,50.5,647,5,5.2,2,2.1,6.7,6.77,13.2,58.8,119.4,,2016
Ikaika Woolsey,ikaika-woolsey-1,/cfb/players/ikaika-woolsey-1.html,Hawaii,MWC,12,44,90,48.9,644,6,6.7,6,6.7,7.2,5.49,14.6,53.7,117.7,,2016
James Knapke,james-knapke-1,/cfb/players/james-knapke-1.html,Bowling Green,MAC,6,59,119,49.6,636,3,2.5,9,7.6,5.3,2.45,10.8,106.0,87.7,,2016
Dalton Sneed,dalton-sneed-1,/cfb/players/dalton-sneed-1.html,Nevada-Las Vegas,MWC,9,39,88,44.3,632,5,5.7,2,2.3,7.2,7.30,16.2,70.2,118.9,,2016
Grant Rohach,grant-rohach-1,/cfb/players/grant-rohach-1.html,Buffalo,MAC,9,46,84,54.8,628,2,2.4,2,2.4,7.5,6.88,13.7,69.8,120.7,,2016
Darell Garretson,darell-garretson-1,/cfb/players/darell-garretson-1.html,Oregon State,Pac-12,6,73,146,50.0,617,3,2.1,4,2.7,4.2,3.40,8.5,102.8,86.8,,2016
Favian Upshaw,favian-upshaw-1,/cfb/players/favian-upshaw-1.html,Georgia Southern,Sun Belt,8,46,84,54.8,614,4,4.8,2,2.4,7.3,7.19,13.3,76.8,127.1,,2016
Maurice Alexander,maurice-alexander-2,/cfb/players/maurice-alexander-2.html,Florida International,CUSA,8,51,87,58.6,613,2,2.3,6,6.9,7.0,4.40,12.0,76.6,111.6,,2016
Brandon McIlwain,brandon-mcilwain-1,/cfb/players/brandon-mcilwain-1.html,South Carolina,SEC,8,62,118,52.5,600,2,1.7,1,0.8,5.1,5.04,9.7,75.0,99.2,,2016
Jared Johnson,jared-johnson-3,/cfb/players/jared-johnson-3.html,UTSA,CUSA,7,41,75,54.7,564,4,5.3,1,1.3,7.5,7.99,13.8,80.6,132.8,,2016
Ryker Fyfe,ryker-fyfe-1,/cfb/players/ryker-fyfe-1.html,Nebraska,Big Ten,8,48,99,48.5,558,4,4.0,1,1.0,5.6,5.99,11.6,69.8,107.1,,2016
Arion Worthman,arion-worthman-1,/cfb/players/arion-worthman-1.html,Air Force,MWC,8,23,39,59.0,546,4,10.3,2,5.1,14.0,13.74,23.7,68.3,200.2,,2016
Zach Kline,zach-kline-1,/cfb/players/zach-kline-1.html,Fresno State,MWC,7,42,79,53.2,523,0,0.0,2,2.5,6.6,5.48,12.5,74.7,103.7,,2016
Justin Holman,justin-holman-1,/cfb/players/justin-holman-1.html,UCF,American,7,36,83,43.4,510,3,3.6,2,2.4,6.1,5.78,14.2,72.9,102.1,,2016
Max Browne,max-browne-1,/cfb/players/max-browne-1.html,USC,Pac-12,9,58,93,62.4,507,2,2.2,2,2.2,5.5,4.91,8.7,56.3,111.0,,2016
Ross Trail,ross-trail-1,/cfb/players/ross-trail-1.html,Cincinnati,American,4,46,70,65.7,494,1,1.4,6,8.6,7.1,3.49,10.7,123.5,112.6,,2016
Jeff George Jr.,jeff-george-jr-1,/cfb/players/jeff-george-jr-1.html,Illinois,Big Ten,5,38,94,40.4,470,4,4.3,5,5.3,5.0,3.46,12.4,94.0,85.8,,2016
Nic Shimonek,nic-shimonek-1,/cfb/players/nic-shimonek-1.html,Texas Tech,Big 12,4,38,58,65.5,464,6,10.3,1,1.7,8.0,9.29,12.2,116.0,163.4,,2016
Cole Garvin,cole-garvin-1,/cfb/players/cole-garvin-1.html,South Alabama,Sun Belt,6,35,64,54.7,463,4,6.3,1,1.6,7.2,7.78,13.2,77.2,133.0,,2016
Anu Solomon,anu-solomon-1,/cfb/players/anu-solomon-1.html,Arizona,Pac-12,5,37,63,58.7,462,1,1.6,2,3.2,7.3,6.22,12.5,92.4,119.2,,2016
Drew Hare,drew-hare-1,/cfb/players/drew-hare-1.html,Northern Illinois,MAC,6,37,59,62.7,425,3,5.1,0,0.0,7.2,8.22,11.5,70.8,140.0,,2016
J'mar Smith,jmar-smith-1,/cfb/players/jmar-smith-1.html,Louisiana Tech,CUSA,8,30,43,69.8,412,2,4.7,1,2.3,9.6,9.47,13.7,51.5,160.9,,2016
George Bollas,george-bollas-1,/cfb/players/george-bollas-1.html,Kent State,MAC,8,27,58,46.6,402,2,3.4,2,3.4,6.9,6.07,14.9,50.3,109.3,,2016
Josh Love,josh-love-1,/cfb/players/josh-love-1.html,San Jose State,MWC,12,31,60,51.7,392,2,3.3,5,8.3,6.5,3.45,12.6,32.7,100.9,,2016
Dillon Sterling-Cole,dillon-sterling-cole-1,/cfb/players/dillon-sterling-cole-1.html,Arizona State,Pac-12,6,28,55,50.9,388,1,1.8,4,7.3,7.1,4.15,13.9,64.7,101.6,,2016
Brian Lewerke,brian-lewerke-1,/cfb/players/brian-lewerke-1.html,Michigan State,Big Ten,4,31,57,54.4,381,2,3.5,1,1.8,6.7,6.60,12.3,95.3,118.6,,2016
Ross Comis,ross-comis-1,/cfb/players/ross-comis-1.html,Massachusetts,Ind,4,28,63,44.4,370,1,1.6,1,1.6,5.9,5.48,13.2,92.5,95.8,,2016
Keon Howard,keon-howard-1,/cfb/players/keon-howard-1.html,Southern Mississippi,CUSA,4,22,50,44.0,365,1,2.0,4,8.0,7.3,4.10,16.6,91.3,95.9,,2016
Chad Voytik,chad-voytik-1,/cfb/players/chad-voytik-1.html,Arkansas State,Sun Belt,11,32,57,56.1,363,1,1.8,1,1.8,6.4,5.93,11.3,33.0,111.9,,2016
Mylik Mitchell,mylik-mitchell-1,/cfb/players/mylik-mitchell-1.html,Kent State,MAC,4,39,69,56.5,363,5,7.2,1,1.4,5.3,6.06,9.3,90.8,121.7,,2016
Daniel Santacaterina,daniel-santacaterina-1,/cfb/players/daniel-santacaterina-1.html,Northern Illinois,MAC,3,18,38,47.4,361,1,2.6,2,5.3,9.5,7.66,20.1,120.3,125.3,,2016
Seth Shuman,seth-shuman-1,/cfb/players/seth-shuman-1.html,Georgia Southern,Sun Belt,5,34,72,47.2,357,1,1.4,3,4.2,5.0,3.36,10.5,71.4,85.1,,2016
Zach Abey,zach-abey-1,/cfb/players/zach-abey-1.html,Navy,American,5,20,35,57.1,352,1,2.9,4,11.4,10.1,5.49,17.6,70.4,128.2,,2016
Drew Barker,drew-barker-1,/cfb/players/drew-barker-1.html,Kentucky,SEC,3,18,36,50.0,334,4,11.1,5,13.9,9.3,5.25,18.6,111.3,136.8,,2016
Nick Schuessler,nick-schuessler-1,/cfb/players/nick-schuessler-1.html,Clemson,ACC,6,23,33,69.7,334,3,9.1,0,0.0,10.1,11.94,14.5,55.7,184.7,,2016
Tyrrell Pigrome,tyrrell-pigrome-1,/cfb/players/tyrrell-pigrome-1.html,Maryland,Big Ten,11,37,71,52.1,322,2,2.8,2,2.8,4.5,3.83,8.7,29.3,93.9,,2016
Jackson Tyner,jackson-tyner-1,/cfb/players/jackson-tyner-1.html,Rice,CUSA,5,32,67,47.8,318,2,3.0,1,1.5,4.7,4.67,9.9,63.6,94.5,,2016
Matt Johns,matt-johns-1,/cfb/players/matt-johns-1.html,Virginia,ACC,9,36,63,57.1,314,2,3.2,5,7.9,5.0,2.05,8.7,34.9,93.6,,2016
Jeremy Johnson,jeremy-johnson-5,/cfb/players/jeremy-johnson-5.html,Auburn,SEC,5,27,47,57.4,312,1,2.1,2,4.3,6.6,5.15,11.6,62.4,111.7,,2016
Noah Wezensky,noah-wezensky-1,/cfb/players/noah-wezensky-1.html,Miami (OH),MAC,2,28,53,52.8,307,2,3.8,2,3.8,5.8,4.85,11.0,153.5,106.4,,2016
Donovan Williams,donovan-williams-4,/cfb/players/donovan-williams-4.html,Connecticut,American,3,36,76,47.4,300,1,1.3,5,6.6,3.9,1.25,8.3,100.0,71.7,,2016
Caleb Rowe,caleb-rowe-1,/cfb/players/caleb-rowe-1.html,Maryland,Big Ten,12,19,37,51.4,296,0,0.0,3,8.1,8.0,4.35,15.6,24.7,102.3,,2016
Garet Morrell,garet-morrell-1,/cfb/players/garet-morrell-1.html,Marshall,CUSA,5,33,67,49.3,290,4,6.0,3,4.5,4.3,3.51,8.8,58.0,96.4,,2016
Foster Sawyer,foster-sawyer-1,/cfb/players/foster-sawyer-1.html,Texas Christian,Big 12,9,26,55,47.3,278,1,1.8,1,1.8,5.1,4.60,10.7,30.9,92.1,,2016
Joe Hubener,joe-hubener-1,/cfb/players/joe-hubener-1.html,Kansas State,Big 12,6,22,39,56.4,275,1,2.6,1,2.6,7.1,6.41,12.5,45.8,119.0,,2016
Damian Williams,damian-williams-3,/cfb/players/damian-williams-3.html,Mississippi State,SEC,5,31,47,66.0,272,2,4.3,0,0.0,5.8,6.64,8.8,54.4,128.6,,2016
Aaron Winchester,aaron-winchester-2,/cfb/players/aaron-winchester-2.html,Georgia State,Sun Belt,5,24,45,53.3,271,1,2.2,2,4.4,6.0,4.47,11.3,54.2,102.4,,2016
Tyrell Goodman,tyrell-goodman-1,/cfb/players/tyrell-goodman-1.html,Akron,MAC,11,16,36,44.4,270,1,2.8,3,8.3,7.5,4.31,16.9,24.5,99.9,,2016
Christian Alexander,christian-alexander-1,/cfb/players/christian-alexander-1.html,Florida International,CUSA,5,24,39,61.5,266,4,10.3,0,0.0,6.8,8.87,11.1,53.2,152.7,,2016
Brady White,brady-white-1,/cfb/players/brady-white-1.html,Arizona State,Pac-12,4,25,49,51.0,259,2,4.1,1,2.0,5.3,5.18,10.4,64.8,104.8,,2016
Damion Terry,damion-terry-1,/cfb/players/damion-terry-1.html,Michigan State,Big Ten,7,22,46,47.8,253,1,2.2,1,2.2,5.5,4.96,11.5,36.1,96.9,,2016
Chayce Crouch,chayce-crouch-1,/cfb/players/chayce-crouch-1.html,Illinois,Big Ten,4,18,32,56.3,249,1,3.1,1,3.1,7.8,7.00,13.8,62.3,125.7,,2016
Tyler Hilinski,tyler-hilinski-1,/cfb/players/tyler-hilinski-1.html,Washington State,Pac-12,4,24,30,80.0,245,2,6.7,1,3.3,8.2,8.00,10.2,61.3,163.9,,2016
Khalil Tate,khalil-tate-1,/cfb/players/khalil-tate-1.html,Arizona,Pac-12,7,18,45,40.0,243,3,6.7,3,6.7,5.4,3.73,13.5,34.7,94.0,,2016
Tanner Mangum,tanner-mangum-1,/cfb/players/tanner-mangum-1.html,BYU,Ind,5,22,33,66.7,241,3,9.1,1,3.0,7.3,7.76,11.0,48.2,152.0,,2016
Kyle Bolin,kyle-bolin-1,/cfb/players/kyle-bolin-1.html,Louisville,ACC,6,18,27,66.7,234,2,7.4,1,3.7,8.7,8.48,13.0,39.0,156.5,,2016
Tyler Ferguson,tyler-ferguson-1,/cfb/players/tyler-ferguson-1.html,Western Kentucky,CUSA,9,19,41,46.3,234,3,7.3,0,0.0,5.7,7.17,12.3,26.0,118.4,,2016
Will Collins,will-collins-2,/cfb/players/will-collins-2.html,Louisiana-Monroe,Sun Belt,6,19,40,47.5,233,2,5.0,3,7.5,5.8,3.45,12.3,38.8,97.9,,2016
Jason Stewart,jason-stewart-3,/cfb/players/jason-stewart-3.html,Memphis,American,5,21,32,65.6,229,2,6.3,0,0.0,7.2,8.41,10.9,45.8,146.4,,2016
Joe Burrow,joe-burrow-1,/cfb/players/joe-burrow-1.html,Ohio State,Big Ten,6,22,28,78.6,226,2,7.1,0,0.0,8.1,9.50,10.3,37.7,169.9,,2016
Connor White,connor-white-1,/cfb/players/connor-white-1.html,Texas State,Sun Belt,5,23,44,52.3,223,1,2.3,2,4.5,5.1,3.48,9.7,44.6,93.3,,2016
Blake Barnett,blake-barnett-2,/cfb/players/blake-barnett-2.html,Alabama,SEC,3,11,19,57.9,219,2,10.5,0,0.0,11.5,13.63,19.9,73.0,189.5,,2016
Kyle Postma,kyle-postma-1,/cfb/players/kyle-postma-1.html,Houston,American,10,29,46,63.0,210,0,0.0,2,4.3,4.6,2.61,7.2,21.0,92.7,,2016
Max Bortenschlager,max-bortenschlager-1,/cfb/players/max-bortenschlager-1.html,Maryland,Big Ten,2,16,33,48.5,209,1,3.0,0,0.0,6.3,6.94,13.1,104.5,111.7,,2016
Eddie Printz,eddie-printz-1,/cfb/players/eddie-printz-1.html,Texas State,Sun Belt,11,12,25,48.0,208,1,4.0,1,4.0,8.3,7.32,17.3,18.9,123.1,,2016
Kyle Kearns,kyle-kearns-1,/cfb/players/kyle-kearns-1.html,Wake Forest,ACC,5,13,35,37.1,206,0,0.0,2,5.7,5.9,3.31,15.8,41.2,75.2,,2016
John Franklin III,john-franklin-iii-1,/cfb/players/john-franklin-iii-1.html,Auburn,SEC,13,14,26,53.8,204,1,3.8,0,0.0,7.8,8.62,14.6,15.7,132.4,,2016
Jack Milas,jack-milas-1,/cfb/players/jack-milas-1.html,Ball State,MAC,12,20,38,52.6,199,1,2.6,2,5.3,5.2,3.39,10.0,16.6,94.8,,2016
Parker Adamson,parker-adamson-1,/cfb/players/parker-adamson-1.html,Southern Mississippi,CUSA,4,19,39,48.7,193,1,2.6,0,0.0,4.9,5.46,10.2,48.3,98.7,,2016
Zander Diamont,zander-diamont-1,/cfb/players/zander-diamont-1.html,Indiana,Big Ten,8,9,15,60.0,192,1,6.7,1,6.7,12.8,11.13,21.3,24.0,176.2,,2016
Conner Cramer,conner-cramer-1,/cfb/players/conner-cramer-1.html,New Mexico State,Sun Belt,8,17,39,43.6,188,2,5.1,3,7.7,4.8,2.38,11.1,23.5,85.6,,2016
Conor Blount,conor-blount-1,/cfb/players/conor-blount-1.html,Oregon State,Pac-12,4,19,35,54.3,183,0,0.0,2,5.7,5.2,2.66,9.6,45.8,86.8,,2016
Sawyer Smith,sawyer-smith-1,/cfb/players/sawyer-smith-1.html,Troy,Sun Belt,6,18,25,72.0,181,1,4.0,1,4.0,7.2,6.24,10.1,30.2,138.0,,2016
Chris Carter,chris-carter-7,/cfb/players/chris-carter-7.html,Army,Ind,9,9,23,39.1,176,2,8.7,1,4.3,7.7,7.43,19.6,19.6,123.4,,2016
Jalan McClendon,jalan-mcclendon-1,/cfb/players/jalan-mcclendon-1.html,North Carolina State,ACC,10,16,30,53.3,176,1,3.3,4,13.3,5.9,0.53,11.0,17.6,86.9,,2016
Kendall Hinton,kendall-hinton-1,/cfb/players/kendall-hinton-1.html,Wake Forest,ACC,3,11,19,57.9,174,0,0.0,1,5.3,9.2,6.79,15.8,58.0,124.3,,2016
John O'Korn,john-okorn-1,/cfb/players/john-okorn-1.html,Michigan,Big Ten,8,20,34,58.8,173,2,5.9,0,0.0,5.1,6.26,8.7,21.6,121.0,,2016
Elijah Sindelar,elijah-sindelar-1,/cfb/players/elijah-sindelar-1.html,Purdue,Big Ten,5,14,32,43.8,165,0,0.0,3,9.4,5.2,0.94,11.8,33.0,68.3,,2016
Matt Davis,matt-davis-4,/cfb/players/matt-davis-4.html,SMU,American,1,8,17,47.1,155,2,11.8,1,5.9,9.1,8.82,19.4,155.0,150.7,,2016
Quinten Dormady,quinten-dormady-1,/cfb/players/quinten-dormady-1.html,Tennessee,SEC,4,11,17,64.7,148,0,0.0,0,0.0,8.7,8.71,13.5,37.0,137.8,,2016
Austin Kendall,austin-kendall-1,/cfb/players/austin-kendall-1.html,Oklahoma,Big 12,2,16,22,72.7,143,2,9.1,0,0.0,6.5,8.32,8.9,71.5,157.3,,2016
Blake LaRussa,blake-larussa-1,/cfb/players/blake-larussa-1.html,Old Dominion,CUSA,10,14,24,58.3,140,0,0.0,1,4.2,5.8,3.96,10.0,14.0,99.0,,2016
Brandon Harris,brandon-harris-4,/cfb/players/brandon-harris-4.html,LSU,SEC,4,13,25,52.0,139,1,4.0,2,8.0,5.6,2.76,10.7,34.8,95.9,,2016
Nick Patti,nick-patti-1,/cfb/players/nick-patti-1.html,UCF,American,12,12,23,52.2,137,0,0.0,0,0.0,6.0,5.96,11.4,11.4,102.2,,2016
Kavika Johnson,kavika-johnson-1,/cfb/players/kavika-johnson-1.html,UTEP,CUSA,12,12,21,57.1,131,1,4.8,1,4.8,6.2,5.05,10.9,10.9,115.7,,2016
Brett Kean,brett-kean-1,/cfb/players/brett-kean-1.html,South Florida,American,8,18,26,69.2,129,2,7.7,1,3.8,5.0,4.77,7.2,16.1,128.6,,2016
Malik Zaire,malik-zaire-1,/cfb/players/malik-zaire-1.html,Notre Dame,Ind,8,11,23,47.8,122,1,4.3,0,0.0,5.3,6.17,11.1,15.3,106.7,,2016
Cooper Bateman,cooper-bateman-1,/cfb/players/cooper-bateman-1.html,Alabama,SEC,15,12,14,85.7,119,1,7.1,0,0.0,8.5,9.93,9.9,7.9,180.7,,2016
Drew Eckels,drew-eckels-1,/cfb/players/drew-eckels-1.html,Western Kentucky,CUSA,7,6,12,50.0,118,2,16.7,0,0.0,9.8,13.17,19.7,16.9,187.6,,2016
Austin Wilson,austin-wilson-2,/cfb/players/austin-wilson-2.html,Syracuse,ACC,2,17,27,63.0,116,0,0.0,2,7.4,4.3,0.96,6.8,58.0,84.2,,2016
Faton Bauta,faton-bauta-1,/cfb/players/faton-bauta-1.html,Colorado State,MWC,9,12,29,41.4,114,1,3.4,0,0.0,3.9,4.62,9.5,12.7,85.8,,2016
Marvin Zanders,marvin-zanders-1,/cfb/players/marvin-zanders-1.html,Missouri,SEC,8,10,12,83.3,114,1,8.3,0,0.0,9.5,11.17,11.4,14.3,190.6,,2016
Matt Johnson,matt-johnson-10,/cfb/players/matt-johnson-10.html,Charlotte,CUSA,11,5,8,62.5,112,1,12.5,0,0.0,14.0,16.50,22.4,10.2,221.4,,2016
Matthew Jordan,matthew-jordan-1,/cfb/players/matthew-jordan-1.html,Georgia Tech,ACC,9,3,9,33.3,111,1,11.1,1,11.1,12.3,9.56,37.0,12.3,151.4,,2016
Nick Jeanty,nick-jeanty-1,/cfb/players/nick-jeanty-1.html,New Mexico State,Sun Belt,5,10,15,66.7,108,2,13.3,0,0.0,7.2,9.87,10.8,21.6,171.1,,2016
Daniel Parr,daniel-parr-1,/cfb/players/daniel-parr-1.html,Florida Atlantic,CUSA,9,15,36,41.7,106,0,0.0,2,5.6,2.9,0.44,7.1,11.8,55.3,,2016
Jason Pellerin,jason-pellerin-1,/cfb/players/jason-pellerin-1.html,Ole Miss,SEC,9,11,22,50.0,104,2,9.1,3,13.6,4.7,0.41,9.5,11.6,92.4,,2016
K.J. Carta-Samuels,kj-carta-samuels-1,/cfb/players/kj-carta-samuels-1.html,Washington,Pac-12,9,9,13,69.2,104,3,23.1,0,0.0,8.0,12.62,11.6,11.6,212.6,,2016
Darius Wade,darius-wade-1,/cfb/players/darius-wade-1.html,Boston College,ACC,9,9,19,47.4,100,0,0.0,1,5.3,5.3,2.89,11.1,11.1,81.1,,2016
J.T. Granato,jt-granato-1,/cfb/players/jt-granato-1.html,Rice,CUSA,4,8,19,42.1,96,0,0.0,2,10.5,5.1,0.32,12.0,24.0,63.5,,2016
Tristan Payton,tristan-payton-1,/cfb/players/tristan-payton-1.html,UCF,American,10,2,4,50.0,96,1,25.0,0,0.0,24.0,29.00,48.0,9.6,334.1,,2016
Ryan Rubley,ryan-rubley-1,/cfb/players/ryan-rubley-1.html,Tulsa,American,4,7,11,63.6,92,1,9.1,0,0.0,8.4,10.18,13.1,23.0,163.9,,2016
Thomas Sperbeck,thomas-sperbeck-1,/cfb/players/thomas-sperbeck-1.html,Boise State,MWC,13,3,3,100.0,92,3,100.0,0,0.0,30.7,50.67,30.7,7.1,687.6,,2016
Dante Pettis,dante-pettis-1,/cfb/players/dante-pettis-1.html,Washington,Pac-12,14,2,4,50.0,89,1,25.0,0,0.0,22.3,27.25,44.5,6.4,319.4,,2016
Conor Rhoda,conor-rhoda-1,/cfb/players/conor-rhoda-1.html,Minnesota,Big Ten,3,8,16,50.0,88,1,6.3,0,0.0,5.5,6.75,11.0,29.3,116.8,,2016
Cedrick Wilson Jr.,cedrick-wilson-2,/cfb/players/cedrick-wilson-2.html,Boise State,MWC,13,2,2,100.0,84,1,50.0,0,0.0,42.0,52.00,42.0,6.5,617.8,,2016
Dontae Strickland,dontae-strickland-2,/cfb/players/dontae-strickland-2.html,Syracuse,ACC,12,1,1,100.0,84,1,100.0,0,0.0,84.0,104.00,84.0,7.0,1135.6,,2016
Jalen Nixon,jalen-nixon-1,/cfb/players/jalen-nixon-1.html,Louisiana,Sun Belt,7,8,13,61.5,84,0,0.0,0,0.0,6.5,6.46,10.5,12.0,115.8,,2016
Matt Morin,matt-morin-1,/cfb/players/matt-morin-1.html,Arizona,Pac-12,11,4,8,50.0,84,1,12.5,1,12.5,10.5,7.38,21.0,7.6,154.5,,2016
Brenden Motley,brenden-motley-1,/cfb/players/brenden-motley-1.html,Virginia Tech,ACC,8,9,20,45.0,81,1,5.0,0,0.0,4.1,5.05,9.0,10.1,95.5,,2016
Richie James,richie-james-1,/cfb/players/richie-james-1.html,Middle Tennessee State,CUSA,13,6,7,85.7,80,0,0.0,0,0.0,11.4,11.43,13.3,6.2,181.7,,2016
Wade Freebeck,wade-freebeck-1,/cfb/players/wade-freebeck-1.html,Vanderbilt,SEC,3,6,13,46.2,77,0,0.0,1,7.7,5.9,2.46,12.8,25.7,80.5,,2016
Malik McGue,malik-mcgue-1,/cfb/players/malik-mcgue-1.html,Army,Ind,11,4,6,66.7,76,1,16.7,1,16.7,12.7,8.50,19.0,6.9,194.7,,2016
Dennis Andrews,dennis-andrews-3,/cfb/players/dennis-andrews-3.html,Middle Tennessee State,CUSA,13,2,3,66.7,73,0,0.0,0,0.0,24.3,24.33,36.5,5.6,271.1,,2016
Garrett Anderson,garrett-anderson-2,/cfb/players/garrett-anderson-2.html,Connecticut,American,8,8,16,50.0,69,0,0.0,0,0.0,4.3,4.31,8.6,8.6,86.2,,2016
Damion Hobbs,damion-hobbs-1,/cfb/players/damion-hobbs-1.html,Utah State,MWC,10,8,19,42.1,68,0,0.0,1,5.3,3.6,1.21,8.5,6.8,61.6,,2016
Nate German,nate-german-1,/cfb/players/nate-german-1.html,Rice,CUSA,11,5,8,62.5,68,0,0.0,0,0.0,8.5,8.50,13.6,6.2,133.9,,2016
Bryce Bobo,bryce-bobo-1,/cfb/players/bryce-bobo-1.html,Colorado,Pac-12,13,1,1,100.0,67,1,100.0,0,0.0,67.0,87.00,67.0,5.2,992.8,,2016
Michael Julian,michael-julian-1,/cfb/players/michael-julian-1.html,Toledo,MAC,4,2,5,40.0,67,1,20.0,0,0.0,13.4,17.40,33.5,16.8,218.6,,2016
Cameron Echols-Luper,cameron-echols-luper-1,/cfb/players/cameron-echols-luper-1.html,Arkansas State,Sun Belt,13,2,3,66.7,66,1,33.3,0,0.0,22.0,28.67,33.0,5.1,361.5,,2016
Gavin Locklear,gavin-locklear-1,/cfb/players/gavin-locklear-1.html,North Carolina State,ACC,12,2,3,66.7,66,0,0.0,0,0.0,22.0,22.00,33.0,5.5,251.5,,2016
Shuler Bentley,shuler-bentley-1,/cfb/players/shuler-bentley-1.html,Old Dominion,CUSA,2,4,10,40.0,66,0,0.0,0,0.0,6.6,6.60,16.5,33.0,95.4,,2016
Tyrone Swoopes,tyrone-swoopes-1,/cfb/players/tyrone-swoopes-1.html,Texas,Big 12,11,5,9,55.6,66,0,0.0,1,11.1,7.3,2.33,13.2,6.0,94.9,,2016
Isaac Holder,isaac-holder-1,/cfb/players/isaac-holder-1.html,Eastern Michigan,MAC,13,1,2,50.0,64,0,0.0,1,50.0,32.0,9.50,64.0,4.9,218.8,,2016
Justin Agner,justin-agner-1,/cfb/players/justin-agner-1.html,Kent State,MAC,2,8,15,53.3,64,0,0.0,2,13.3,4.3,-1.73,8.0,32.0,62.5,,2016
Sean Maguire,sean-maguire-1,/cfb/players/sean-maguire-1.html,Florida State,ACC,5,7,12,58.3,64,2,16.7,1,8.3,5.3,4.92,9.1,12.8,141.5,,2016
Taylor Cornelius,taylor-cornelius-1,/cfb/players/taylor-cornelius-1.html,Oklahoma State,Big 12,2,7,9,77.8,64,0,0.0,0,0.0,7.1,7.11,9.1,32.0,137.5,,2016
Nathan Stanley,nathan-stanley-2,/cfb/players/nathan-stanley-2.html,Iowa,Big Ten,6,5,9,55.6,62,0,0.0,0,0.0,6.9,6.89,12.4,10.3,113.4,,2016
Tyler Huntley,tyler-huntley-1,/cfb/players/tyler-huntley-1.html,Utah,Pac-12,4,5,7,71.4,60,0,0.0,0,0.0,8.6,8.57,12.0,15.0,143.4,,2016
Jaylen Samuels,jaylen-samuels-1,/cfb/players/jaylen-samuels-1.html,North Carolina State,ACC,13,1,1,100.0,59,1,100.0,0,0.0,59.0,79.00,59.0,4.5,925.6,,2016
R.J. Shelton,rj-shelton-1,/cfb/players/rj-shelton-1.html,Michigan State,Big Ten,12,3,3,100.0,59,0,0.0,0,0.0,19.7,19.67,19.7,4.9,265.2,,2016
Price Wilson,price-wilson-1,/cfb/players/price-wilson-1.html,Louisiana Tech,CUSA,4,3,4,75.0,58,0,0.0,0,0.0,14.5,14.50,19.3,14.5,196.8,,2016
Greyson Lambert,greyson-lambert-1,/cfb/players/greyson-lambert-1.html,Georgia,SEC,3,7,12,58.3,56,0,0.0,0,0.0,4.7,4.67,8.0,18.7,97.5,,2016
Nathan Elliott,nathan-elliott-1,/cfb/players/nathan-elliott-1.html,North Carolina,ACC,4,8,9,88.9,55,0,0.0,0,0.0,6.1,6.11,6.9,13.8,140.2,,2016
Jajuan Lawson,jajuan-lawson-1,/cfb/players/jajuan-lawson-1.html,New Mexico,MWC,4,3,5,60.0,54,0,0.0,0,0.0,10.8,10.80,18.0,13.5,150.7,,2016
Johnathan Brantley,johnathan-brantley-1,/cfb/players/johnathan-brantley-1.html,Tulane,American,8,8,21,38.1,51,0,0.0,0,0.0,2.4,2.43,6.4,6.4,58.5,,2016
Linell Bonner,linell-bonner-1,/cfb/players/linell-bonner-1.html,Houston,American,12,1,2,50.0,50,1,50.0,0,0.0,25.0,35.00,50.0,4.2,425.0,,2016
Thomas Stuart,thomas-stuart-1,/cfb/players/thomas-stuart-1.html,Boise State,MWC,3,3,5,60.0,50,0,0.0,0,0.0,10.0,10.00,16.7,16.7,144.0,,2016
Al-Damion Riles,al-damion-riles-1,/cfb/players/al-damion-riles-1.html,Louisiana,Sun Belt,13,1,2,50.0,48,1,50.0,0,0.0,24.0,34.00,48.0,3.7,416.6,,2016
Kelly Bryant,kelly-bryant-1,/cfb/players/kelly-bryant-1.html,Clemson,ACC,4,6,9,66.7,48,1,11.1,0,0.0,5.3,7.56,8.0,12.0,148.1,,2016
Allen Staggers,allen-staggers-1,/cfb/players/allen-staggers-1.html,Southern Mississippi,CUSA,13,1,2,50.0,47,0,0.0,0,0.0,23.5,23.50,47.0,3.6,247.4,,2016
James Summers,james-summers-1,/cfb/players/james-summers-1.html,East Carolina,American,12,2,2,100.0,46,1,50.0,0,0.0,23.0,33.00,23.0,3.8,458.2,,2016
J.P. Caruso,jp-caruso-1,/cfb/players/jp-caruso-1.html,Appalachian State,Sun Belt,9,6,6,100.0,46,1,16.7,0,0.0,7.7,11.00,7.7,5.1,219.4,,2016
N'Keal Harry,nkeal-harry-1,/cfb/players/nkeal-harry-1.html,Arizona State,Pac-12,12,1,2,50.0,46,0,0.0,0,0.0,23.0,23.00,46.0,3.8,243.2,,2016
Randall West,randall-west-1,/cfb/players/randall-west-1.html,Massachusetts,Ind,2,3,5,60.0,45,0,0.0,0,0.0,9.0,9.00,15.0,22.5,135.6,,2016
Shane Morris,shane-morris-1,/cfb/players/shane-morris-1.html,Michigan,Big Ten,6,4,5,80.0,45,0,0.0,0,0.0,9.0,9.00,11.3,7.5,155.6,,2016
Tago Smith,tago-smith-1,/cfb/players/tago-smith-1.html,Navy,American,1,1,1,100.0,45,0,0.0,0,0.0,45.0,45.00,45.0,45.0,478.0,,2016
Ke'Mon Freeman,kemon-freemon-1,/cfb/players/kemon-freemon-1.html,SMU,American,12,1,4,25.0,43,1,25.0,0,0.0,10.8,15.75,43.0,3.6,197.8,,2016
Tyler Davis,tyler-davis-2,/cfb/players/tyler-davis-2.html,Connecticut,American,11,2,3,66.7,42,0,0.0,0,0.0,14.0,14.00,21.0,3.8,184.3,,2016
Parker Boehme,parker-boehme-1,/cfb/players/parker-boehme-1.html,Duke,ACC,5,7,9,77.8,41,2,22.2,0,0.0,4.6,9.00,5.9,8.2,189.4,,2016
Jack Smith,jack-smith-1,/cfb/players/jack-smith-1.html,Arizona State,Pac-12,5,1,1,100.0,40,0,0.0,0,0.0,40.0,40.00,40.0,8.0,436.0,,2016
Steven Sims Jr.,steven-sims-jr-1,/cfb/players/steven-sims-jr-1.html,Kansas,Big 12,12,1,1,100.0,40,0,0.0,0,0.0,40.0,40.00,40.0,3.3,436.0,,2016
Darrel Colbert,darrel-colbert-1,/cfb/players/darrel-colbert-1.html,SMU,American,5,4,11,36.4,38,0,0.0,1,9.1,3.5,-0.64,9.5,7.6,47.2,,2016
Jordan Gehrke,jordan-gehrke-1,/cfb/players/jordan-gehrke-1.html,Colorado,Pac-12,3,4,7,57.1,38,0,0.0,0,0.0,5.4,5.43,9.5,12.7,102.7,,2016
Markell Pack,markell-pack-1,/cfb/players/markell-pack-1.html,Ole Miss,SEC,12,1,1,100.0,37,0,0.0,0,0.0,37.0,37.00,37.0,3.1,410.8,,2016
Andrew Celis,andrew-celis-1,/cfb/players/andrew-celis-1.html,Nevada,MWC,12,1,3,33.3,36,1,33.3,0,0.0,12.0,18.67,36.0,3.0,244.1,,2016
Ardarius Stewart,ardarius-stewart-1,/cfb/players/ardarius-stewart-1.html,Alabama,SEC,12,2,2,100.0,36,0,0.0,0,0.0,18.0,18.00,18.0,3.0,251.2,,2016
Sean Kelly,sean-kelly-1,/cfb/players/sean-kelly-1.html,South Carolina,SEC,13,1,1,100.0,36,0,0.0,0,0.0,36.0,36.00,36.0,2.8,402.4,,2016
Tommy Stevens,tommy-stevens-1,/cfb/players/tommy-stevens-1.html,Penn State,Big Ten,7,2,3,66.7,36,0,0.0,0,0.0,12.0,12.00,18.0,5.1,167.5,,2016
I'Tavius Mathers,itavius-mathers-1,/cfb/players/itavius-mathers-1.html,Middle Tennessee State,CUSA,13,1,1,100.0,34,0,0.0,0,0.0,34.0,34.00,34.0,2.6,385.6,,2016
Deebo Samuel,deebo-samuel-1,/cfb/players/deebo-samuel-1.html,South Carolina,SEC,10,1,1,100.0,33,1,100.0,0,0.0,33.0,53.00,33.0,3.3,707.2,,2016
Gunnar Amos,gunnar-amos-1,/cfb/players/gunnar-amos-1.html,Idaho,Sun Belt,8,3,10,30.0,33,0,0.0,1,10.0,3.3,-1.20,11.0,4.1,37.7,,2016
Jalen Brown,jalen-brown-2,/cfb/players/jalen-brown-2.html,Oregon,Pac-12,12,1,1,100.0,33,1,100.0,0,0.0,33.0,53.00,33.0,2.8,707.2,,2016
Aaron Zwahlen,aaron-zwahlen-1,/cfb/players/aaron-zwahlen-1.html,Hawaii,MWC,1,3,10,30.0,32,0,0.0,1,10.0,3.2,-1.30,10.7,32.0,36.9,,2016
Malik Rosier,malik-rosier-1,/cfb/players/malik-rosier-1.html,Miami (FL),ACC,6,2,4,50.0,32,0,0.0,0,0.0,8.0,8.00,16.0,5.3,117.2,,2016
Yannis Routsas,yannis-routsas-1,/cfb/players/yannis-routsas-1.html,UTSA,CUSA,13,3,3,100.0,32,0,0.0,0,0.0,10.7,10.67,10.7,2.5,189.6,,2016
Jonathan Ward,jonathan-ward-3,/cfb/players/jonathan-ward-3.html,Central Michigan,MAC,8,1,2,50.0,31,0,0.0,0,0.0,15.5,15.50,31.0,3.9,180.2,,2016
Tyrain Taylor,tyrain-taylor-1,/cfb/players/tyrain-taylor-1.html,New Mexico State,Sun Belt,12,1,1,100.0,31,1,100.0,0,0.0,31.0,51.00,31.0,2.6,690.4,,2016
Jordan Lasley,jordan-lasley-1,/cfb/players/jordan-lasley-1.html,UCLA,Pac-12,11,1,1,100.0,30,0,0.0,0,0.0,30.0,30.00,30.0,2.7,352.0,,2016
Kalen Ballage,kalen-ballage-1,/cfb/players/kalen-ballage-1.html,Arizona State,Pac-12,12,3,4,75.0,30,1,25.0,0,0.0,7.5,12.50,10.0,2.5,220.5,,2016
Hayden Hunt,hayden-hunt-1,/cfb/players/hayden-hunt-1.html,Colorado State,MWC,13,1,1,100.0,29,0,0.0,0,0.0,29.0,29.00,29.0,2.2,343.6,,2016
Logan Marchi,logan-marchi-1,/cfb/players/logan-marchi-1.html,Temple,American,6,2,6,33.3,29,0,0.0,0,0.0,4.8,4.83,14.5,4.8,73.9,,2016
Marshall Long,marshall-long-1,/cfb/players/marshall-long-1.html,Georgia,SEC,9,1,1,100.0,29,0,0.0,0,0.0,29.0,29.00,29.0,3.2,343.6,,2016
Ryan Agnew,ryan-agnew-1,/cfb/players/ryan-agnew-1.html,San Diego State,MWC,8,2,2,100.0,29,0,0.0,0,0.0,14.5,14.50,14.5,3.6,221.8,,2016
Tyler Cogswell,tyler-cogswell-1,/cfb/players/tyler-cogswell-1.html,Cincinnati,American,12,1,1,100.0,29,1,100.0,0,0.0,29.0,49.00,29.0,2.4,673.6,,2016
Luke Wright,luke-wright-1,/cfb/players/luke-wright-1.html,Kentucky,SEC,2,3,4,75.0,28,0,0.0,1,25.0,7.0,-4.25,9.3,14.0,83.8,,2016
Jakobi Meyers,jakobi-meyers-1,/cfb/players/jakobi-meyers-1.html,North Carolina State,ACC,13,1,2,50.0,27,0,0.0,0,0.0,13.5,13.50,27.0,2.1,163.4,,2016
James Mayden,james-mayden-1,/cfb/players/james-mayden-1.html,Rice,CUSA,9,1,1,100.0,27,1,100.0,0,0.0,27.0,47.00,27.0,3.0,656.8,,2016
James Pensyl,james-pensyl-1,/cfb/players/james-pensyl-1.html,Eastern Michigan,MAC,1,2,2,100.0,27,0,0.0,0,0.0,13.5,13.50,13.5,27.0,213.4,,2016
Fred Ross,fred-ross-1,/cfb/players/fred-ross-1.html,Mississippi State,SEC,13,2,2,100.0,26,1,50.0,0,0.0,13.0,23.00,13.0,2.0,374.2,,2016
Joe Mixon,joe-mixon-1,/cfb/players/joe-mixon-1.html,Oklahoma,Big 12,12,1,1,100.0,26,1,100.0,0,0.0,26.0,46.00,26.0,2.2,648.4,,2016
Matt Flynn,matt-flynn-2,/cfb/players/matt-flynn-2.html,Georgia Southern,Sun Belt,12,1,1,100.0,26,0,0.0,0,0.0,26.0,26.00,26.0,2.2,318.4,,2016
Cameron Batson,cameron-batson-1,/cfb/players/cameron-batson-1.html,Texas Tech,Big 12,12,1,2,50.0,25,0,0.0,0,0.0,12.5,12.50,25.0,2.1,155.0,,2016
Jeff Smith,jeff-smith-10,/cfb/players/jeff-smith-10.html,Boston College,ACC,13,2,2,100.0,25,1,50.0,0,0.0,12.5,22.50,12.5,1.9,370.0,,2016
Tucker Israel,tucker-israel-1,/cfb/players/tucker-israel-1.html,Clemson,ACC,2,4,4,100.0,25,0,0.0,0,0.0,6.3,6.25,6.3,12.5,152.5,,2016
Chris Carson,chris-carson-1,/cfb/players/chris-carson-1.html,Oklahoma State,Big 12,9,1,2,50.0,24,0,0.0,0,0.0,12.0,12.00,24.0,2.7,150.8,,2016
Temi Alaka,temi-alaka-1,/cfb/players/temi-alaka-1.html,Rice,CUSA,11,1,1,100.0,24,1,100.0,0,0.0,24.0,44.00,24.0,2.2,631.6,,2016
Brisly Estime,brisly-estime-1,/cfb/players/brisly-estime-1.html,Syracuse,ACC,12,1,1,100.0,23,0,0.0,0,0.0,23.0,23.00,23.0,1.9,293.2,,2016
Mason Petrino,mason-petrino-1,/cfb/players/mason-petrino-1.html,Idaho,Sun Belt,7,5,7,71.4,23,0,0.0,0,0.0,3.3,3.29,4.6,3.3,99.0,,2016
Austin Hays,austin-hays-1,/cfb/players/austin-hays-1.html,Oklahoma State,Big 12,13,1,1,100.0,22,0,0.0,0,0.0,22.0,22.00,22.0,1.7,284.8,,2016
Bilal Marshall,bilal-marshall-1,/cfb/players/bilal-marshall-1.html,Purdue,Big Ten,12,3,6,50.0,22,0,0.0,0,0.0,3.7,3.67,7.3,1.8,80.8,,2016
L.G. Williams,lg-williams-1,/cfb/players/lg-williams-1.html,Texas State,Sun Belt,4,1,1,100.0,22,1,100.0,0,0.0,22.0,42.00,22.0,5.5,614.8,,2016
D.J. Moore,dj-moore-3,/cfb/players/dj-moore-3.html,Maryland,Big Ten,13,1,2,50.0,21,0,0.0,0,0.0,10.5,10.50,21.0,1.6,138.2,,2016
Eric Laurent,eric-laurent-1,/cfb/players/eric-laurent-1.html,Missouri,SEC,12,1,1,100.0,21,1,100.0,0,0.0,21.0,41.00,21.0,1.8,606.4,,2016
Hayden Hurst,hayden-hurst-1,/cfb/players/hayden-hurst-1.html,South Carolina,SEC,13,2,2,100.0,21,0,0.0,0,0.0,10.5,10.50,10.5,1.6,188.2,,2016
Janarion Grant,janarion-grant-1,/cfb/players/janarion-grant-1.html,Rutgers,Big Ten,4,1,1,100.0,21,1,100.0,0,0.0,21.0,41.00,21.0,5.3,606.4,,2016
Makoa Camanse-Stevens,makoa-camanse-stevens-1,/cfb/players/makoa-camanse-stevens-1.html,Hawaii,MWC,12,1,1,100.0,21,0,0.0,0,0.0,21.0,21.00,21.0,1.8,276.4,,2016
D'Eriq King,deriq-king-1,/cfb/players/deriq-king-1.html,Houston,American,10,2,3,66.7,20,1,33.3,0,0.0,6.7,13.33,10.0,2.0,232.7,,2016
Mitchell Ludwig,mitchell-ludwig-1,/cfb/players/mitchell-ludwig-1.html,Virginia Tech,ACC,14,1,1,100.0,20,0,0.0,0,0.0,20.0,20.00,20.0,1.4,268.0,,2016
J.J. Cosentino,jj-cosentino-1,/cfb/players/jj-cosentino-1.html,Florida State,ACC,2,2,9,22.2,19,1,11.1,0,0.0,2.1,4.33,9.5,9.5,76.6,,2016
Justin McMillan,justin-mcmillan-1,/cfb/players/justin-mcmillan-1.html,LSU,SEC,1,1,1,100.0,19,0,0.0,0,0.0,19.0,19.00,19.0,19.0,259.6,,2016
Jack Sheldon,jack-sheldon-1,/cfb/players/jack-sheldon-1.html,Central Michigan,MAC,12,1,1,100.0,18,0,0.0,0,0.0,18.0,18.00,18.0,1.5,251.2,,2016
Phil Mayhue,phil-mayhue-1,/cfb/players/phil-mayhue-1.html,Memphis,American,13,1,1,100.0,18,0,0.0,0,0.0,18.0,18.00,18.0,1.4,251.2,,2016
Jalen Harvey,jalen-harvey-2,/cfb/players/jalen-harvey-2.html,Arizona State,Pac-12,10,1,2,50.0,17,0,0.0,0,0.0,8.5,8.50,17.0,1.7,121.4,,2016
Ben DiNucci,ben-dinucci-1,/cfb/players/ben-dinucci-1.html,Pitt,ACC,2,3,9,33.3,16,1,11.1,2,22.2,1.8,-6.00,5.3,8.0,40.5,,2016
Benjamin Snell Jr.,benjamin-snell-jr-1,/cfb/players/benjamin-snell-jr-1.html,Kentucky,SEC,13,2,4,50.0,16,0,0.0,0,0.0,4.0,4.00,8.0,1.2,83.6,,2016
John Johnson,john-johnson-14,/cfb/players/john-johnson-14.html,Troy,Sun Belt,12,1,1,100.0,16,1,100.0,0,0.0,16.0,36.00,16.0,1.3,564.4,,2016
Chris Chugunov,chris-chugunov-1,/cfb/players/chris-chugunov-1.html,West Virginia,Big 12,5,2,5,40.0,15,0,0.0,1,20.0,3.0,-6.00,7.5,3.0,25.2,,2016
Dane Roy,dane-roy-1,/cfb/players/dane-roy-1.html,Houston,American,13,1,1,100.0,15,0,0.0,0,0.0,15.0,15.00,15.0,1.2,226.0,,2016
Kyle Kempt,kyle-kempt-1,/cfb/players/kyle-kempt-1.html,Iowa State,Big 12,2,2,2,100.0,15,0,0.0,0,0.0,7.5,7.50,7.5,7.5,163.0,,2016
Michael Barden,michael-barden-1,/cfb/players/michael-barden-1.html,Texas Tech,Big 12,11,1,1,100.0,15,0,0.0,0,0.0,15.0,15.00,15.0,1.4,226.0,,2016
Davon Jones,davon-jones-1,/cfb/players/davon-jones-1.html,Boston College,ACC,12,1,2,50.0,14,1,50.0,0,0.0,7.0,17.00,14.0,1.2,273.8,,2016
Jay MacIntyre,jay-macintyre-1,/cfb/players/jay-macintyre-1.html,Colorado,Pac-12,14,1,2,50.0,14,0,0.0,0,0.0,7.0,7.00,14.0,1.0,108.8,,2016
Jojo Kemp,jojo-kemp-1,/cfb/players/jojo-kemp-1.html,Kentucky,SEC,10,1,1,100.0,14,0,0.0,0,0.0,14.0,14.00,14.0,1.4,217.6,,2016
Manny Morgan,manny-morgan-1,/cfb/players/manny-morgan-1.html,Akron,MAC,11,1,1,100.0,14,1,100.0,0,0.0,14.0,34.00,14.0,1.3,547.6,,2016
Zack Darlington,zack-darlington-1,/cfb/players/zack-darlington-1.html,Nebraska,Big Ten,10,2,6,33.3,14,0,0.0,0,0.0,2.3,2.33,7.0,1.4,52.9,,2016
Sam Rogers,sam-rogers-1,/cfb/players/sam-rogers-1.html,Virginia Tech,ACC,14,1,1,100.0,13,1,100.0,0,0.0,13.0,33.00,13.0,0.9,539.2,,2016
Treyvon Green,treyvon-green-2,/cfb/players/treyvon-green-2.html,Fresno State,MWC,11,2,2,100.0,13,0,0.0,0,0.0,6.5,6.50,6.5,1.2,154.6,,2016
DJ Nelson,dj-nelson-1,/cfb/players/dj-nelson-1.html,Utah State,MWC,1,1,1,100.0,12,0,0.0,0,0.0,12.0,12.00,12.0,12.0,200.8,,2016
Joe Walker,joe-walker-4,/cfb/players/joe-walker-4.html,Army,Ind,12,1,1,100.0,12,0,0.0,0,0.0,12.0,12.00,12.0,1.0,200.8,,2016
Spencer Smith,spencer-smith-6,/cfb/players/spencer-smith-6.html,Memphis,American,13,1,1,100.0,12,0,0.0,0,0.0,12.0,12.00,12.0,0.9,200.8,,2016
Alex Delton,alex-delton-1,/cfb/players/alex-delton-1.html,Kansas State,Big 12,4,3,6,50.0,11,0,0.0,0,0.0,1.8,1.83,3.7,2.8,65.4,,2016
Corey Fatony,corey-fatony-1,/cfb/players/corey-fatony-1.html,Missouri,SEC,12,1,1,100.0,11,0,0.0,0,0.0,11.0,11.00,11.0,0.9,192.4,,2016
Dylan Klumph,dylan-klumph-1,/cfb/players/dylan-klumph-1.html,California,Pac-12,12,1,1,100.0,11,0,0.0,0,0.0,11.0,11.00,11.0,0.9,192.4,,2016
Dylan Klumph,dylan-klumph-2,/cfb/players/dylan-klumph-2.html,California,Pac-12,10,1,1,100.0,11,0,0.0,0,0.0,11.0,11.00,11.0,1.1,192.4,,2016
Kerryon Johnson,kerryon-johnson-1,/cfb/players/kerryon-johnson-1.html,Auburn,SEC,12,3,3,100.0,11,1,33.3,0,0.0,3.7,10.33,3.7,0.9,240.8,,2016
Noel Thomas,noel-thomas-1,/cfb/players/noel-thomas-1.html,Connecticut,American,12,1,1,100.0,11,0,0.0,0,0.0,11.0,11.00,11.0,0.9,192.4,,2016
Tre Tipton,tre-tripton-1,/cfb/players/tre-tripton-1.html,Pitt,ACC,9,1,1,100.0,11,0,0.0,0,0.0,11.0,11.00,11.0,1.2,192.4,,2016
Corey Lacanaria,corey-lacanaria-1,/cfb/players/corey-lacanaria-1.html,Ball State,MAC,11,1,2,50.0,10,0,0.0,1,50.0,5.0,-17.50,10.0,0.9,-8.0,,2016
Deshaunte Jones,deshaunte-jones-1,/cfb/players/deshaunte-jones-1.html,Iowa State,Big 12,12,1,1,100.0,10,0,0.0,0,0.0,10.0,10.00,10.0,0.8,184.0,,2016
Eric Keena,eric-keena-1,/cfb/players/eric-keena-1.html,North Texas,CUSA,13,1,1,100.0,10,0,0.0,0,0.0,10.0,10.00,10.0,0.8,184.0,,2016
Ervin Philips,ervin-phillips-1,/cfb/players/ervin-phillips-1.html,Syracuse,ACC,12,1,1,100.0,10,0,0.0,0,0.0,10.0,10.00,10.0,0.8,184.0,,2016
Chad President,chad-president-1,/cfb/players/chad-president-1.html,Tulsa,American,1,1,2,50.0,9,0,0.0,0,0.0,4.5,4.50,9.0,9.0,87.8,,2016
Christian Blake,christian-blake-1,/cfb/players/christian-blake-1.html,Northern Illinois,MAC,12,1,1,100.0,9,0,0.0,0,0.0,9.0,9.00,9.0,0.8,175.6,,2016
James Barnes,james-barnes-1,/cfb/players/james-barnes-1.html,Clemson,ACC,1,1,1,100.0,9,0,0.0,0,0.0,9.0,9.00,9.0,9.0,175.6,,2016
Johnathan Boone,johnathan-boone-1,/cfb/players/johnathan-boone-1.html,New Mexico State,Sun Belt,12,1,1,100.0,9,1,100.0,0,0.0,9.0,29.00,9.0,0.8,505.6,,2016
Kaleb Barker,kaleb-barker-1,/cfb/players/kaleb-barker-1.html,Troy,Sun Belt,10,3,4,75.0,9,0,0.0,0,0.0,2.3,2.25,3.0,0.9,93.9,,2016
Mitchell Juergens,mitchell-juergens-1,/cfb/players/mitchell-juergens-1.html,BYU,Ind,13,1,1,100.0,9,0,0.0,0,0.0,9.0,9.00,9.0,0.7,175.6,,2016
TaQuon Marshall,taquon-marshall-1,/cfb/players/taquon-marshall-1.html,Georgia Tech,ACC,2,1,1,100.0,9,0,0.0,0,0.0,9.0,9.00,9.0,4.5,175.6,,2016
Austin Proehl,austin-proehl-1,/cfb/players/austin-proehl-1.html,North Carolina,ACC,13,1,1,100.0,8,0,0.0,0,0.0,8.0,8.00,8.0,0.6,167.2,,2016
Brady Jones,brady-jones-2,/cfb/players/brady-jones-2.html,UTSA,CUSA,13,1,2,50.0,8,1,50.0,0,0.0,4.0,14.00,8.0,0.6,248.6,,2016
John Kolar,john-kolar-1,/cfb/players/john-kolar-1.html,Oklahoma State,Big 12,1,1,2,50.0,8,0,0.0,0,0.0,4.0,4.00,8.0,8.0,83.6,,2016
Jordan Davis,jordan-davis-5,/cfb/players/jordan-davis-5.html,Louisiana,Sun Belt,7,2,3,66.7,7,0,0.0,0,0.0,2.3,2.33,3.5,1.0,86.3,,2016
Ben Weaver,ben-weaver-1,/cfb/players/ben-weaver-1.html,Boise State,MWC,13,1,1,100.0,6,0,0.0,0,0.0,6.0,6.00,6.0,0.5,150.4,,2016
Connor Brewer,connor-brewer-1,/cfb/players/connor-brewer-1.html,Virginia,ACC,2,2,12,16.7,6,0,0.0,0,0.0,0.5,0.50,3.0,3.0,20.9,,2016
Detrich Clark,detrich-clark-1,/cfb/players/detrich-clark-1.html,Colorado State,MWC,13,1,1,100.0,6,1,100.0,0,0.0,6.0,26.00,6.0,0.5,480.4,,2016
Jordan Johnson,jordan-johnson-4,/cfb/players/jordan-johnson-4.html,Buffalo,MAC,12,1,1,100.0,6,0,0.0,0,0.0,6.0,6.00,6.0,0.5,150.4,,2016
Colar Kuhns,colar-kuhns-1,/cfb/players/colar-kuhns-1.html,Michigan State,Big Ten,1,1,1,100.0,5,0,0.0,0,0.0,5.0,5.00,5.0,5.0,142.0,,2016
Mitchell Paige,mitchell-paige-1,/cfb/players/mitchell-paige-1.html,Indiana,Big Ten,13,1,2,50.0,5,1,50.0,0,0.0,2.5,12.50,5.0,0.4,236.0,,2016
Nick Tiano,nick-tiano-1,/cfb/players/nick-tiano-1.html,Mississippi State,SEC,5,1,1,100.0,5,0,0.0,0,0.0,5.0,5.00,5.0,1.0,142.0,,2016
Wade Lees,wade-lees-1,/cfb/players/wade-lees-1.html,Maryland,Big Ten,13,1,1,100.0,5,0,0.0,0,0.0,5.0,5.00,5.0,0.4,142.0,,2016
Austin Conway,austin-conway-1,/cfb/players/austin-conway-1.html,Wyoming,MWC,14,1,1,100.0,4,1,100.0,0,0.0,4.0,24.00,4.0,0.3,463.6,,2016
Chris Finke,chris-finke-1,/cfb/players/chris-finke-1.html,Notre Dame,Ind,10,1,2,50.0,4,0,0.0,0,0.0,2.0,2.00,4.0,0.4,66.8,,2016
Jauan Jennings,jauan-jennings-1,/cfb/players/jauan-jennings-1.html,Tennessee,SEC,13,1,2,50.0,4,1,50.0,0,0.0,2.0,12.00,4.0,0.3,231.8,,2016
Aaron Jones,aaron-jones-6,/cfb/players/aaron-jones-6.html,UTEP,CUSA,12,1,1,100.0,3,1,100.0,0,0.0,3.0,23.00,3.0,0.3,455.2,,2016
Colin Reardon,colin-reardon-1,/cfb/players/colin-reardon-1.html,Kent State,MAC,10,1,3,33.3,3,0,0.0,0,0.0,1.0,1.00,3.0,0.3,41.7,,2016
Jarveon Williams,jarveon-williams-1,/cfb/players/jarveon-williams-1.html,UTSA,CUSA,13,1,1,100.0,3,1,100.0,0,0.0,3.0,23.00,3.0,0.2,455.2,,2016
Lee McNeill,lee-mcneill-1,/cfb/players/lee-mcneill-1.html,Charlotte,CUSA,12,2,6,33.3,3,0,0.0,0,0.0,0.5,0.50,1.5,0.3,37.5,,2016
Ty Storey,ty-storey-1,/cfb/players/ty-storey-1.html,Arkansas,SEC,3,1,4,25.0,3,0,0.0,0,0.0,0.8,0.75,3.0,1.0,31.3,,2016
Demario Richard,demario-richard-1,/cfb/players/demario-richard-1.html,Arizona State,Pac-12,11,1,1,100.0,2,0,0.0,0,0.0,2.0,2.00,2.0,0.2,116.8,,2016
Dillon Stoner,dillon-stoner-1,/cfb/players/dillon-stoner-1.html,Oklahoma State,Big 12,4,1,2,50.0,2,1,50.0,0,0.0,1.0,11.00,2.0,0.5,223.4,,2016
Zay Jones,isaiah-jones-2,/cfb/players/isaiah-jones-2.html,East Carolina,American,12,1,1,100.0,2,1,100.0,0,0.0,2.0,22.00,2.0,0.2,446.8,,2016
Jack Mitchell,jack-mitchell-2,/cfb/players/jack-mitchell-2.html,Northwestern,Big Ten,13,1,1,100.0,2,0,0.0,0,0.0,2.0,2.00,2.0,0.2,116.8,,2016
James Proche,james-proche-1,/cfb/players/james-proche-1.html,SMU,American,12,1,2,50.0,2,0,0.0,0,0.0,1.0,1.00,2.0,0.2,58.4,,2016
Matt Alviti,matt-alviti-1,/cfb/players/matt-alviti-1.html,Northwestern,Big Ten,4,1,1,100.0,2,0,0.0,0,0.0,2.0,2.00,2.0,0.5,116.8,,2016
Tylin Oden,tylin-oden-1,/cfb/players/tylin-oden-1.html,Rutgers,Big Ten,6,1,8,12.5,2,0,0.0,0,0.0,0.3,0.25,2.0,0.3,14.6,,2016
Conner McQueen,conner-mcqueen-1,/cfb/players/conner-mcqueen-1.html,Texas A&M,SEC,13,1,1,100.0,1,0,0.0,0,0.0,1.0,1.00,1.0,0.1,108.4,,2016
Rawleigh Williams III,rawleigh-williams-iii-1,/cfb/players/rawleigh-williams-iii-1.html,Arkansas,SEC,13,1,1,100.0,1,1,100.0,0,0.0,1.0,21.00,1.0,0.1,438.4,,2016
Allan Cui,allan-cui-1,/cfb/players/allan-cui-1.html,Nevada-Las Vegas,MWC,8,0,1,0.0,0,0,0.0,0,0.0,0.0,0.00,,0.0,0.0,,2016
Andrew Libby,andrew-libby-1,/cfb/players/andrew-libby-1.html,Massachusetts,Ind,12,0,1,0.0,0,0,0.0,0,0.0,0.0,0.00,,0.0,0.0,,2016
Andrew Scanlan,andrew-scanlan-1,/cfb/players/andrew-scanlan-1.html,Northwestern,Big Ten,13,0,1,0.0,0,0,0.0,0,0.0,0.0,0.00,,0.0,0.0,,2016
Austin Parker,austin-parker-2,/cfb/players/austin-parker-2.html,Duke,ACC,7,0,1,0.0,0,0,0.0,0,0.0,0.0,0.00,,0.0,0.0,,2016
Bentlee Critcher,bentlee-critcher-1,/cfb/players/bentlee-critcher-1.html,Appalachian State,Sun Belt,13,0,1,0.0,0,0,0.0,0,0.0,0.0,0.00,,0.0,0.0,,2016
Bernard Davis,bernard-davis-2,/cfb/players/bernard-davis-2.html,Massachusetts,Ind,12,0,2,0.0,0,0,0.0,0,0.0,0.0,0.00,,0.0,0.0,,2016
Blake Cusick,blake-cusick-1,/cfb/players/blake-cusick-1.html,Fresno State,MWC,12,0,2,0.0,0,0,0.0,1,50.0,0.0,-22.50,,0.0,-100.0,,2016
Blake Lynch,blake-lynch-1,/cfb/players/blake-lynch-1.html,Baylor,Big 12,11,0,1,0.0,0,0,0.0,0,0.0,0.0,0.00,,0.0,0.0,,2016
Brandon Childress,brandon-childress-1,/cfb/players/brandon-childress-1.html,Central Michigan,MAC,11,0,1,0.0,0,0,0.0,0,0.0,0.0,0.00,,0.0,0.0,,2016
Brian O'Neill,brian-oneill-1,/cfb/players/brian-oneill-1.html,Pitt,ACC,13,0,2,0.0,0,0,0.0,0,0.0,0.0,0.00,,0.0,0.0,,2016
Christian Kirk,christian-kirk-1,/cfb/players/christian-kirk-1.html,Texas A&M,SEC,13,0,2,0.0,0,0,0.0,0,0.0,0.0,0.00,,0.0,0.0,,2016
Cole Freytag,cole-freytag-1,/cfb/players/cole-freytag-1.html,UTEP,CUSA,12,0,1,0.0,0,0,0.0,0,0.0,0.0,0.00,,0.0,0.0,,2016
Corey Clement,corey-clement-1,/cfb/players/corey-clement-1.html,Wisconsin,Big Ten,13,0,1,0.0,0,0,0.0,0,0.0,0.0,0.00,,0.0,0.0,,2016
Dede Westbrook,dede-westbrook-1,/cfb/players/dede-westbrook-1.html,Oklahoma,Big 12,13,0,2,0.0,0,0,0.0,0,0.0,0.0,0.00,,0.0,0.0,"H-4,AA",2016
Dedrick Mills,dedrick-mills-1,/cfb/players/dedrick-mills-1.html,Georgia Tech,ACC,9,0,1,0.0,0,0,0.0,1,100.0,0.0,-45.00,,0.0,-200.0,,2016
Demari Simpkins,demari-simpkins-1,/cfb/players/demari-simpkins-1.html,Utah,Pac-12,13,0,1,0.0,0,0,0.0,0,0.0,0.0,0.00,,0.0,0.0,,2016
D'Ernest Johnson,dernest-johnson-1,/cfb/players/dernest-johnson-1.html,South Florida,American,13,0,1,0.0,0,0,0.0,0,0.0,0.0,0.00,,0.0,0.0,,2016
Dion Ray,dion-ray-1,/cfb/players/dion-ray-1.html,Louisiana,Sun Belt,6,0,1,0.0,0,0,0.0,0,0.0,0.0,0.00,,0.0,0.0,,2016
D.J. Thompson,dj-thompson-1,/cfb/players/dj-thompson-1.html,Southern Mississippi,CUSA,11,0,1,0.0,0,0,0.0,0,0.0,0.0,0.00,,0.0,0.0,,2016
Donnel Pumphrey,donnel-pumphrey-1,/cfb/players/donnel-pumphrey-1.html,San Diego State,MWC,14,0,1,0.0,0,0,0.0,0,0.0,0.0,0.00,,0.0,0.0,H-10,2016
Dontravious Wilson,dontravious-wilson-1,/cfb/players/dontravious-wilson-1.html,UCF,American,12,0,1,0.0,0,0,0.0,0,0.0,0.0,0.00,,0.0,0.0,,2016
Drew Anderson,drew-anderson-1,/cfb/players/drew-anderson-1.html,Buffalo,MAC,1,0,1,0.0,0,0,0.0,0,0.0,0.0,0.00,,0.0,0.0,,2016
Frank Nutile,frank-nutile-1,/cfb/players/frank-nutile-1.html,Temple,American,3,0,2,0.0,0,0,0.0,0,0.0,0.0,0.00,,0.0,0.0,,2016
Glenn Smith,glenn-smith-2,/cfb/players/glenn-smith-2.html,Georgia State,Sun Belt,12,0,1,0.0,0,0,0.0,0,0.0,0.0,0.00,,0.0,0.0,,2016
Grant Powell,grant-powell-1,/cfb/players/grant-powell-1.html,South Alabama,Sun Belt,12,0,1,0.0,0,0,0.0,1,100.0,0.0,-45.00,,0.0,-200.0,,2016
Hasise Dubois,hasise-dubois-1,/cfb/players/hasise-dubois-1.html,Virginia,ACC,12,0,1,0.0,0,0,0.0,0,0.0,0.0,0.00,,0.0,0.0,,2016
Isaiah Ford,isaiah-ford-1,/cfb/players/isaiah-ford-1.html,Virginia Tech,ACC,14,0,1,0.0,0,0,0.0,0,0.0,0.0,0.00,,0.0,0.0,,2016
Ishmael Zamora,ishmael-zamora-1,/cfb/players/ishmael-zamora-1.html,Baylor,Big 12,10,0,1,0.0,0,0,0.0,0,0.0,0.0,0.00,,0.0,0.0,,2016
Jack Click,jack-click-1,/cfb/players/jack-click-1.html,Virginia Tech,ACC,1,0,1,0.0,0,0,0.0,0,0.0,0.0,0.00,,0.0,0.0,,2016
Jalen Greene,jalen-greene-1,/cfb/players/jalen-greene-1.html,USC,Pac-12,13,0,1,0.0,0,0,0.0,0,0.0,0.0,0.00,,0.0,0.0,,2016
Jalen McCleskey,jalen-mccleskey-1,/cfb/players/jalen-mccleskey-1.html,Oklahoma State,Big 12,13,0,1,0.0,0,0,0.0,0,0.0,0.0,0.00,,0.0,0.0,,2016
Jalen Robinette,jalen-robinette-1,/cfb/players/jalen-robinette-1.html,Air Force,MWC,13,0,1,0.0,0,0,0.0,0,0.0,0.0,0.00,,0.0,0.0,,2016
Jesse Kroll,jesse-kroll-1,/cfb/players/jesse-kroll-1.html,Central Michigan,MAC,4,0,2,0.0,0,0,0.0,0,0.0,0.0,0.00,,0.0,0.0,,2016
John Diarse,john-diarse-1,/cfb/players/john-diarse-1.html,Texas Christian,Big 12,13,0,2,0.0,0,0,0.0,0,0.0,0.0,0.00,,0.0,0.0,,2016
Jordan Chunn,jordan-chunn-1,/cfb/players/jordan-chunn-1.html,Troy,Sun Belt,13,0,1,0.0,0,0,0.0,0,0.0,0.0,0.00,,0.0,0.0,,2016
Joseph Davidson,joseph-davidson-1,/cfb/players/joseph-davidson-1.html,Bowling Green,MAC,12,0,1,0.0,0,0,0.0,1,100.0,0.0,-45.00,,0.0,-200.0,,2016
Josh Cleveland,josh-cleveland-1,/cfb/players/josh-cleveland-1.html,Bowling Green,MAC,11,0,1,0.0,0,0,0.0,0,0.0,0.0,0.00,,0.0,0.0,,2016
Josh Growden,josh-growden-1,/cfb/players/josh-growden-1.html,LSU,SEC,12,0,1,0.0,0,0,0.0,0,0.0,0.0,0.00,,0.0,0.0,,2016
Kamrin Solomon,kamrin-solomon-1,/cfb/players/kamrin-solomon-1.html,Florida Atlantic,CUSA,10,0,1,0.0,0,0,0.0,0,0.0,0.0,0.00,,0.0,0.0,,2016
Kavious Price,kavious-price-1,/cfb/players/kavious-price-1.html,Kent State,MAC,10,0,1,0.0,0,0,0.0,0,0.0,0.0,0.00,,0.0,0.0,,2016
Keelan Ewaliko,keelan-ewaliko-1,/cfb/players/keelan-ewaliko-1.html,Hawaii,MWC,12,0,1,0.0,0,0,0.0,1,100.0,0.0,-45.00,,0.0,-200.0,,2016
Kell Walker,kell-walker-1,/cfb/players/kell-walker-1.html,Army,Ind,13,0,2,0.0,0,0,0.0,0,0.0,0.0,0.00,,0.0,0.0,,2016
Khari Blasingame,khari-blasingame-1,/cfb/players/khari-blasingame-1.html,Vanderbilt,SEC,13,0,1,0.0,0,0,0.0,0,0.0,0.0,0.00,,0.0,0.0,,2016
Kyle Hicks,kyle-hicks-1,/cfb/players/kyle-hicks-1.html,Texas Christian,Big 12,13,0,1,0.0,0,0,0.0,0,0.0,0.0,0.00,,0.0,0.0,,2016
LaBaron Anthony,labaron-anthony-1,/cfb/players/labaron-anthony-1.html,Georgia Southern,Sun Belt,2,0,1,0.0,0,0,0.0,1,100.0,0.0,-45.00,,0.0,-200.0,,2016
Leonard Fournette,leonard-fournette-1,/cfb/players/leonard-fournette-1.html,LSU,SEC,7,0,1,0.0,0,0,0.0,0,0.0,0.0,0.00,,0.0,0.0,,2016
Malachi Dupre,malachi-dupre-1,/cfb/players/malachi-dupre-1.html,LSU,SEC,12,0,1,0.0,0,0,0.0,0,0.0,0.0,0.00,,0.0,0.0,,2016
Malik Roberson,malik-roberson-1,/cfb/players/malik-roberson-1.html,San Jose State,MWC,12,0,2,0.0,0,0,0.0,0,0.0,0.0,0.00,,0.0,0.0,,2016
Markell Jones,markell-jones-1,/cfb/players/markell-jones-1.html,Purdue,Big Ten,11,0,1,0.0,0,0,0.0,1,100.0,0.0,-45.00,,0.0,-200.0,,2016
Matt Guidry,matt-guidry-1,/cfb/players/matt-guidry-1.html,UTSA,CUSA,10,1,2,50.0,0,0,0.0,1,50.0,0.0,-22.50,0.0,0.0,-50.0,,2016
Matt Micucci,matt-micucci-1,/cfb/players/matt-micucci-1.html,Northwestern,Big Ten,10,0,1,0.0,0,0,0.0,0,0.0,0.0,0.00,,0.0,0.0,,2016
Moe Neal,moe-neal-1,/cfb/players/moe-neal-1.html,Syracuse,ACC,12,0,1,0.0,0,0,0.0,0,0.0,0.0,0.00,,0.0,0.0,,2016
Nacarius Fant,nacarius-fant-1,/cfb/players/nacarius-fant-1.html,Western Kentucky,CUSA,9,0,2,0.0,0,0,0.0,1,50.0,0.0,-22.50,,0.0,-100.0,,2016
Nick Szpor,nick-szpor-1,/cfb/players/nick-szpor-1.html,Wyoming,MWC,11,0,1,0.0,0,0,0.0,0,0.0,0.0,0.00,,0.0,0.0,,2016
Pete Dinovo,pete-dinovo-1,/cfb/players/pete-dinovo-1.html,UCF,American,1,0,1,0.0,0,0,0.0,0,0.0,0.0,0.00,,0.0,0.0,,2016
Preston Heard,preston-heard-1,/cfb/players/preston-heard-1.html,Baylor,Big 12,3,0,1,0.0,0,0,0.0,0,0.0,0.0,0.00,,0.0,0.0,,2016
Quentin Harris,quentin-harris-2,/cfb/players/quentin-harris-2.html,Duke,ACC,1,0,3,0.0,0,0,0.0,0,0.0,0.0,0.00,,0.0,0.0,,2016
Quinn Shanbour,quinn-shanbour-1,/cfb/players/quinn-shanbour-1.html,North Texas,CUSA,1,0,1,0.0,0,0,0.0,0,0.0,0.0,0.00,,0.0,0.0,,2016
Rokeem Williams,rokeem-williams-1,/cfb/players/rokeem-williams-1.html,Miami (OH),MAC,11,0,1,0.0,0,0,0.0,0,0.0,0.0,0.00,,0.0,0.0,,2016
Ron Johnson,ron-johnson-8,/cfb/players/ron-johnson-8.html,Connecticut,American,12,0,1,0.0,0,0,0.0,0,0.0,0.0,0.00,,0.0,0.0,,2016
Ryan Switzer,ryan-switzer-1,/cfb/players/ryan-switzer-1.html,North Carolina,ACC,13,0,1,0.0,0,0,0.0,0,0.0,0.0,0.00,,0.0,0.0,,2016
Ryan Winslow,ryan-winslow-1,/cfb/players/ryan-winslow-1.html,Pitt,ACC,13,0,2,0.0,0,0,0.0,0,0.0,0.0,0.00,,0.0,0.0,,2016
Sean Avant,sean-avant-1,/cfb/players/sean-avant-1.html,Syracuse,ACC,7,0,1,0.0,0,0,0.0,0,0.0,0.0,0.00,,0.0,0.0,,2016
Seth Collins,seth-collins-1,/cfb/players/seth-collins-1.html,Oregon State,Pac-12,10,0,2,0.0,0,0,0.0,0,0.0,0.0,0.00,,0.0,0.0,,2016
Taquan Mizzell,taquan-mizzell-1,/cfb/players/taquan-mizzell-1.html,Virginia,ACC,12,0,1,0.0,0,0,0.0,0,0.0,0.0,0.00,,0.0,0.0,,2016
Terence Williams,terence-williams-2,/cfb/players/terence-williams-2.html,Baylor,Big 12,12,1,1,100.0,0,0,0.0,0,0.0,0.0,0.00,0.0,0.0,100.0,,2016
Terry Godwin,terry-godwin-1,/cfb/players/terry-godwin-1.html,Georgia,SEC,13,0,2,0.0,0,0,0.0,1,50.0,0.0,-22.50,,0.0,-100.0,,2016
Tez Parks,tez-parks-1,/cfb/players/tez-parks-1.html,Southern Mississippi,CUSA,12,0,1,0.0,0,0,0.0,1,100.0,0.0,-45.00,,0.0,-200.0,,2016
Tim Crawley,tim-crawley-1,/cfb/players/tim-crawley-1.html,San Jose State,MWC,12,0,1,0.0,0,0,0.0,0,0.0,0.0,0.00,,0.0,0.0,,2016
Tom Flacco,tom-flacco-1,/cfb/players/tom-flacco-1.html,Western Michigan,MAC,6,0,1,0.0,0,0,0.0,0,0.0,0.0,0.00,,0.0,0.0,,2016
Torii Hunter Jr.,torii-hunter-jr-1,/cfb/players/torii-hunter-jr-1.html,Notre Dame,Ind,8,0,1,0.0,0,0,0.0,0,0.0,0.0,0.00,,0.0,0.0,,2016
Trent Sherfield,trent-sherfield-1,/cfb/players/trent-sherfield-1.html,Vanderbilt,SEC,13,0,1,0.0,0,0,0.0,0,0.0,0.0,0.00,,0.0,0.0,,2016
Tyler Natee,tyler-natee-1,/cfb/players/tyler-natee-1.html,Indiana,Big Ten,10,0,1,0.0,0,0,0.0,0,0.0,0.0,0.00,,0.0,0.0,,2016
Tyler Williams,tyler-williams-5,/cfb/players/tyler-williams-5.html,Air Force,MWC,13,0,2,0.0,0,0,0.0,2,100.0,0.0,-45.00,,0.0,-200.0,,2016
Tyler Wilson,tyler-wilson-4,/cfb/players/tyler-wilson-4.html,North Texas,CUSA,12,0,1,0.0,0,0,0.0,1,100.0,0.0,-45.00,,0.0,-200.0,,2016
Warren Wand,warren-wand-1,/cfb/players/warren-wand-1.html,Arkansas State,Sun Belt,13,0,1,0.0,0,0,0.0,0,0.0,0.0,0.00,,0.0,0.0,,2016
Zach Werlinger,zach-werlinger-1,/cfb/players/zach-werlinger-1.html,Arizona,Pac-12,2,0,5,0.0,0,0,0.0,0,0.0,0.0,0.00,,0.0,0.0,,2016
Zack Bennema,zack-bennema-1,/cfb/players/zack-bennema-1.html,Baylor,Big 12,1,0,1,0.0,0,0,0.0,0,0.0,0.0,0.00,,0.0,0.0,,2016
Zach Allen,zach-allen-4,/cfb/players/zach-allen-4.html,Rutgers,Big Ten,2,1,12,8.3,-1,0,0.0,0,0.0,-0.1,-0.08,-1.0,-0.5,7.6,,2016
Chandler Cox,chandler-cox-1,/cfb/players/chandler-cox-1.html,Auburn,SEC,12,1,2,50.0,-3,0,0.0,1,50.0,-1.5,-24.00,-3.0,-0.3,-62.6,,2016
Ronnie Moore,ronnie-moore-3,/cfb/players/ronnie-moore-3.html,Bowling Green,MAC,12,1,2,50.0,-5,0,0.0,0,0.0,-2.5,-2.50,-5.0,-0.4,29.0,,2016
Tristan Yeomans,tristan-yeomans-1,/cfb/players/tristan-yeomans-1.html,Kentucky,SEC,12,1,1,100.0,-10,0,0.0,0,0.0,-10.0,-10.00,-10.0,-0.8,16.0,,2016
League Average,,,,,,,,59.1,,,5.4,,2.7,7.4,7.25,12.5,80.4,133.6,,2016
